name,contactPerson,address,telephone,mobile,email,city,infoSrc
上海旭章室内设计有限公司,N/A,上海 上海市杨浦区周家嘴路3255号9楼（集中登记地）,(021),未提供,NA,Shanghai,Shunqi
上海元造室内设计有限公司,N/A,上海 上海市杨浦区周家嘴路3255号9楼（集中登记地）,(021),未提供,NA,Shanghai,Shunqi
景若蕙芷景观设计咨询（上海）有限公司,N/A,上海 上海市杨浦区长阳路2588号2幢2楼（集中登记地）,(021),未提供,NA,Shanghai,Shunqi
上海鲁班建筑设计事务所,N/A,上海 上海市杨浦区国康路100号2层（集中登记地）,(021),未提供,NA,Shanghai,Shunqi
上海市杨浦区暇海图文制作经营部,N/A,上海 上海市杨浦区江浦路1116号1层-3,(021),未提供,NA,Shanghai,Shunqi
上海市杨浦区典济图文制作服务部,N/A,上海 上海市杨浦区江浦路1508号1015室,(021),未提供,NA,Shanghai,Shunqi
变上海同大建筑设计事务所,N/A,上海 同济新村四平路第二小学 - ,(021),未提供,NA,Shanghai,Shunqi
上海同大规划建筑设计有限公司,N/A,上海 上海市杨浦区四平路1188号1201室,021-65155325,未提供,NA,Shanghai,Shunqi
上海一荧建筑装饰设计工程有限公司,N/A,上海 上海市杨浦区平凉路1398号105-6室,未提供,13818660060,NA,Shanghai,Shunqi
上海市烨建装饰设计工程有限公司,N/A,上海 上海市杨浦区控江路1142号23幢6069室,未提供,18616336991,NA,Shanghai,Shunqi
上海琛丽建筑装饰设计有限公司,N/A,上海 上海市杨浦区平凉路2103号62幢107室,未提供,15821923385,NA,Shanghai,Shunqi
上海郑堂鑫装潢有限公司,N/A,上海 上海市杨浦区殷行路759号2124室,未提供,13122051657,NA,Shanghai,Shunqi
上海申远建筑设计有限公司,N/A,上海 上海市杨浦区控江路1142号23幢5071-7室,021-65794758,未提供,NA,Shanghai,Shunqi
上海瑞浩装饰设计有限公司,N/A,上海 上海市杨浦区平凉路2103号47幢215室,(021),未提供,NA,Shanghai,Shunqi
上海郭与王品牌设计有限公司,N/A,上海 上海市杨浦区殷行路833号3夹层（集中登记地）,(021),未提供,NA,Shanghai,Shunqi
上海雅洁建筑装潢工程合作公司,N/A,上海 杨浦区平凉路1782弄41号,(021),未提供,NA,Shanghai,Shunqi
上海市虹口区海辉图文设计部,N/A,上海 上海市虹口区四平路645号,(021),未提供,NA,Shanghai,Shunqi
深圳市极尚建筑装饰设计工程有限公司上海分公司,N/A,上海 上海市杨浦区四平路1398号1005室,021-51259596,未提供,NA,Shanghai,Shunqi
上海勇圣建筑装潢材料有限公司,N/A,上海 上海奉贤四团镇四平路322号,(021),未提供,NA,Shanghai,Shunqi
上海瑞溪建筑设计有限公司,N/A,上海 上海市杨浦区平凉路2103号56幢308室,未提供,15901800407,NA,Shanghai,Shunqi
上海十昼建筑设计咨询有限公司,N/A,上海 上海市杨浦区控江路1142号23幢3132-12室,未提供,18640100910,NA,Shanghai,Shunqi
上海迪一图文设计制作有限公司,N/A,上海 上海市奉贤区四团镇四平路92号,021-63165107,未提供,NA,Shanghai,Shunqi
上海汇程建筑装饰设计有限公司,N/A,上海 上海市杨浦区平凉路1499号三层5-331室,未提供,13761387856,NA,Shanghai,Shunqi
上海雅可箱包设计制作有限公司分公司,N/A,上海 上海市四平路773号501室,未提供,13601940881,NA,Shanghai,Shunqi
上海煤营装潢工程有限公司,N/A,上海 杨浦区控江路1189号101－103室,(021),未提供,NA,Shanghai,Shunqi
上海谦友建筑设计有限公司,N/A,上海 上海市杨浦区平凉路2103号56幢324室,未提供,13917311092,NA,Shanghai,Shunqi
上海誉亚景观设计事务所,N/A,上海 上海市杨浦区平凉路2103号56幢325室,未提供,13564326468,NA,Shanghai,Shunqi
上海宗眸建筑设计事务所,N/A,上海 上海市杨浦区控江路1142号23幢3131-3室,(021),未提供,NA,Shanghai,Shunqi
上海越唐装饰设计工程有限公司,N/A,上海 上海市奉贤区四团镇（邵厂）四平路43号－328,021-62941349,未提供,NA,Shanghai,Shunqi
上海市奉贤区四团镇新龙装潢材料商店,N/A,上海 奉贤区四团镇（平安社区）四平路1349－5,(021),未提供,NA,Shanghai,Shunqi
上海苍境建筑设计事务所,N/A,上海 上海市杨浦区殷行路833号3夹层（集中登记地）,021-62865977,未提供,NA,Shanghai,Shunqi
上海市杨浦区明灏图文制作经营部,N/A,上海 上海市杨浦区殷行路751号202室,(021),未提供,NA,Shanghai,Shunqi
上海橙象装饰设计有限公司,N/A,上海 上海市杨浦区殷行路833号3夹层（集中登记地）,(021),未提供,NA,Shanghai,Shunqi
上海贵艺建筑装潢有限公司分公司,N/A,上海 奉贤区四团镇四平路108号新颜商务楼15幢5号,(021),未提供,NA,Shanghai,Shunqi
上海卿新建筑装潢材料有限公司分公司,N/A,上海 上海杨浦区五角场淞沪路164号,(021),未提供,NA,Shanghai,Shunqi
上海延荣建筑装潢有限公司申荣家具分公司,N/A,上海 上海市虹口区四平路494弄12号,(021),未提供,NA,Shanghai,Shunqi
上海百姓装潢有限公司虹口分公司,N/A,上海 上海市四平路186号105室,021-54083417,未提供,NA,Shanghai,Shunqi
上海杨浦区大桥装潢服务部,N/A,上海 上海市杨浦区大桥街道双阳路123号,(021),未提供,NA,Shanghai,Shunqi
上海狮晨建筑装潢有限公司,N/A,上海 上海市杨浦区平凉路1398号19幢1196室,(021),未提供,NA,Shanghai,Shunqi
上海欣健室内装潢有限公司分公司,N/A,上海 杨浦区四平路2164号甲蓝天写字楼338室,(021),未提供,NA,Shanghai,Shunqi
上海同灵建筑装潢工程有限公司,N/A,上海 上海市奉贤区四团镇海港四平路43号－250,(021),未提供,NA,Shanghai,Shunqi
上海市杨浦区尔宝形象设计室,N/A,上海 上海市杨浦区四平路1920号,(021),未提供,NA,Shanghai,Shunqi
上海品哲装饰设计有限公司,N/A,上海 上海市杨浦区平凉路1055号2楼C12-21室,未提供,18717930027,NA,Shanghai,Shunqi
上海梵茂建筑设计工程有限公司,N/A,上海 上海市杨浦区控江路1142号23幢4楼（集中登记地）,(021),未提供,NA,Shanghai,Shunqi
上海同艺图文设计制作有限公司第一分公司,N/A,上海 上海市四平路1239号 - ,021-35377780,未提供,NA,Shanghai,Shunqi
上海恒麦建筑设计事务所,N/A,上海 上海市虹口区四平路421弄107号N358室,021-65151319,未提供,NA,Shanghai,Shunqi
上海印德建筑装饰设计有限公司,N/A,上海 上海市杨浦区控江路1142号23幢4134-7室,未提供,13816977230,NA,Shanghai,Shunqi
上海光典建筑设计咨询有限公司,N/A,上海 上海市杨浦区控江路1142号23幢4楼（集中登记地）,(021),未提供,NA,Shanghai,Shunqi
上海威凌装潢有限公司分公司,N/A,上海 上海市平凉路716号403室,(021),未提供,NA,Shanghai,Shunqi
上海冠达尔锦城建筑设计有限公司清源工艺品分公司,N/A,上海 上海市杨浦区江浦路973号,(021),未提供,NA,Shanghai,Shunqi
上海景桁建筑设计事务所,N/A,上海 上海市杨浦区控江路1142号23幢5054-25室,021-65988900,未提供,NA,Shanghai,Shunqi
上海双蝶发型形象设计中心欧洁蔓美容院,N/A,上海 上海市杨浦区四平路2549－1号,021-35306706,未提供,NA,Shanghai,Shunqi
上海同技联合建设发展有限公司家庭装潢分公司,N/A,上海 上海市杨浦区控江路1688号701室,021-65671203,未提供,NA,Shanghai,Shunqi
上海尚志室内装潢有限公司杨浦分公司,N/A,上海 上海市控江路651号 - ,(021),未提供,NA,Shanghai,Shunqi
上海钦幸室内装潢有限公司分公司,N/A,上海 奉贤区四团镇四平路108号新颜商务楼15幢4号,(021),未提供,NA,Shanghai,Shunqi
上海市杨浦区鸿明塑钢装潢加工店,N/A,上海 杨浦区平凉路2436号 - ,(021),未提供,NA,Shanghai,Shunqi
上海佳奕美个人形象设计有限公司一分公司,N/A,上海 上海市杨浦区控江路647号,(021),未提供,NA,Shanghai,Shunqi
上海悠阁空间设计有限公司,N/A,上海 上海市杨浦区平凉路2103号65幢624室,未提供,13817832095,NA,Shanghai,Shunqi
上海旸明装潢有限公司分公司,N/A,上海 上海市杨浦区平凉路1718号202室,未提供,13301851699,NA,Shanghai,Shunqi
上海欣蓝建筑设计有限公司分公司,N/A,上海 奉贤区四团镇四平路108号新颜商务楼12幢2号,(021),未提供,NA,Shanghai,Shunqi
上海煦明动画设计制作有限公司,N/A,上海 上海市定海路473弄5号,(021),未提供,NA,Shanghai,Shunqi
宁波中鼎建筑设计研究院上海分院,N/A,上海 上海市杨浦区控江路1142号23幢4054-49室,(021),未提供,NA,Shanghai,Shunqi
上海勤强室内装潢有限公司分公司,N/A,上海 上海市四平路2164号232室,(021),未提供,NA,Shanghai,Shunqi
上海海健室内装潢有限公司分公司,N/A,上海 杨浦区四平路2164号甲蓝天写字楼101室,(021),未提供,NA,Shanghai,Shunqi
上海乾平装潢工程有限公司,N/A,上海 上海市控江路1555号A座313室－13,021-65672317,未提供,NA,Shanghai,Shunqi
上海其逸图文设计制作有限公司,N/A,上海 上海市虹口区四平路753-1号底层,(021),未提供,NA,Shanghai,Shunqi
上海丽影图文设计制作有限公司第一分公司,N/A,上海 上海市杨浦区江浦路10号405室,(021),未提供,NA,Shanghai,Shunqi
上海聚民装饰设计有限公司杨浦分公司,N/A,上海 上海市平凉路1871号 - ,(021),未提供,NA,Shanghai,Shunqi
上海牛犊建筑装饰设计工作室,N/A,上海 上海市杨浦区平凉路1398号318室,(021),未提供,NA,Shanghai,Shunqi
上海成奇建筑装潢材料有限公司分公司,N/A,上海 上海杨浦区平凉路2229-2233号,(021),未提供,NA,Shanghai,Shunqi
上海柯伊建筑装潢设计有限公司,N/A,上海 上海市虹口区四平路421弄107号Q621室,021-50586778-857,未提供,NA,Shanghai,Shunqi
上海云涧拾方建筑设计有限公司,N/A,上海 上海市杨浦区平凉路2103号65幢620室,021-51078995,未提供,NA,Shanghai,Shunqi
上海晶铂创意设计中心,N/A,上海 上海市杨浦区控江路1142号23幢3061室,未提供,18818005052,NA,Shanghai,Shunqi
上海适居装潢工程有限公司,N/A,上海 上海市杨浦区平凉路1055号E7－19室,未提供,13003121757,NA,Shanghai,Shunqi
上海瑞昕建筑装潢有限公司,N/A,上海 上海市杨浦区平凉路2767号116B室,021-55804691,未提供,NA,Shanghai,Shunqi
上海新建设建筑设计有限公司五分公司,N/A,上海 上海市杨浦区四平路1147弄1-7号三层,021-65979792,未提供,NA,Shanghai,Shunqi
上海殿宇装饰设计工程有限公司,N/A,上海 上海市杨浦区平凉路2103号48幢223室,021-65379820,未提供,NA,Shanghai,Shunqi
上海纵横北嘉广告设计制作有限公司,N/A,上海 上海市虹口区四平路710号7层742-T室,021-56662219,未提供,NA,Shanghai,Shunqi
上海大友动画制作有限公司,N/A,上海 上海市杨浦区控江路1555号A座103室T－2,未提供,13162746789,NA,Shanghai,Shunqi
上海彤威室内装饰设计有限公司,N/A,上海 上海市奉贤区四团镇（邵厂）四平路43号－343,021-56403848,未提供,NA,Shanghai,Shunqi
上海昌融建筑设计装饰有限公司,N/A,上海 上海市虹口区四平路421弄107号N674室,021-66280853,未提供,NA,Shanghai,Shunqi
上海简越建筑设计事务所,N/A,上海 上海市虹口区四平路710号729-A室,021-65219193,未提供,NA,Shanghai,Shunqi
上海派汇建筑装饰设计有限公司,N/A,上海 上海市杨浦区平凉路988号12幢4-12室,未提供,13918939073,NA,Shanghai,Shunqi
上海萤泓图文设计制作有限公司,N/A,上海 上海市杨浦区平凉路1055号D7-24,021-55383701,未提供,NA,Shanghai,Shunqi
上海派斯奈特企业形象设计有限公司,N/A,上海 上海市四平路421弄107号F27室,021-64154989,未提供,NA,Shanghai,Shunqi
上海显业建筑设计工程有限公司,N/A,上海 上海市杨浦区平凉路2103号56幢328室,未提供,15901800407,NA,Shanghai,Shunqi
上海无上建筑设计有限公司,N/A,上海 上海市杨浦区平凉路1398号105-21室,021-51602919,未提供,NA,Shanghai,Shunqi
上海慧恩建筑设计工程有限公司,N/A,上海 上海市虹口区四平路494弄12号6幢,021-52286233,未提供,NA,Shanghai,Shunqi
上海彤宇建筑装饰设计有限公司分公司,N/A,上海 上海市杨浦区四平路1188号1502室,02150866608,未提供,NA,Shanghai,Shunqi
上海家合建筑设计有限公司,N/A,上海 上海市杨浦区平凉路2103号34幢526室,未提供,18521006289,NA,Shanghai,Shunqi
上海怿佳图文设计制作有限公司,N/A,上海 上海市杨浦区平凉路1055号E3-20室,未提供,13361888151,NA,Shanghai,Shunqi
上海俊临装饰装潢工程有限公司,N/A,上海 上海市杨浦区平凉路1499号三层5－301室,未提供,15900677215,NA,Shanghai,Shunqi
上海筑思建筑设计咨询有限公司,N/A,上海 上海市杨浦区平凉路1055号2楼C4-28室,未提供,13817390601,NA,Shanghai,Shunqi
上海韬臻建筑设计工程有限公司,N/A,上海 上海市虹口区四平路421弄107号Q622室,未提供,13818374270,NA,Shanghai,Shunqi
狮达图文设计制作（上海）有限公司,N/A,上海 上海市杨浦区平凉路1055号三楼D13-26室,未提供,13816200760,NA,Shanghai,Shunqi
上海骏真建筑装潢材料有限公司,N/A,上海 上海市虹口区四平路421弄107号P609室,021-56983868,未提供,NA,Shanghai,Shunqi
上海世忠建筑装潢工程有限公司,N/A,上海 上海市杨浦区控江路2061号616-24室,021-65214087,未提供,NA,Shanghai,Shunqi
苏摩那（上海）建筑设计有限公司,N/A,上海 上海市杨浦区平凉路1398号19幢1161室,未提供,17701808608,NA,Shanghai,Shunqi
上海图格建筑设计工程有限公司,N/A,上海 上海市杨浦区平凉路2103号56幢329室,未提供,18317171619,NA,Shanghai,Shunqi
上海新时光照明设计有限公司,N/A,上海 上海市杨浦区平凉路1398号102-2室,021-38721035,未提供,NA,Shanghai,Shunqi
上海誉行广告有限公司,N/A,上海 上海市嘉定工业区汇源路55号8幢3层J970室,(021),13276257837,NA,Shanghai,Shunqi
上海驷安广告有限公司,N/A,上海 上海市嘉定区江桥镇华江公路129弄7号J1105室,(021),18221547415,NA,Shanghai,Shunqi
上海和社广告有限公司,N/A,上海 上海市嘉定区江桥镇华江公路129弄7号J1076室,(021),13671994740,NA,Shanghai,Shunqi
上海棠秋品牌策划有限公司,N/A,上海 上海市嘉定区菊园新区环城路2222号1幢J1310室,(021),15721039557,NA,Shanghai,Shunqi
上海翱铌广告有限公司,N/A,上海 上海市嘉定区菊园新区环城路2222号6幢101-J224室,(021),18217364897,NA,Shanghai,Shunqi
上海茶麟广告有限公司,N/A,上海 上海市嘉定区江桥镇华江公路129弄7号J1029室,(021),15821599428,NA,Shanghai,Shunqi
上海甄品营销策划有限公司,N/A,上海 上海市嘉定工业区叶城路925号B区4幢J2063室,(021),13386227272,NA,Shanghai,Shunqi
上海创钧广告有限公司,N/A,上海 上海市嘉定区新成路500号J822室,(021),18221605400,NA,Shanghai,Shunqi
上海伟网广告有限公司,N/A,上海 上海市嘉定区菊园新区环城路2222号1幢J1275室,(021),13917978290,NA,Shanghai,Shunqi
上海丞璟广告设计有限公司,N/A,上海 上海市嘉定区江桥镇华江公路129弄7号J1011室,(021),13564338492,NA,Shanghai,Shunqi
上海灵广广告有限公司,N/A,上海 嘉定区南翔镇蕰北公路1755弄9号4077室,未提供,18930867333,NA,Shanghai,Shunqi
上海盟磊企业营销策划有限公司,N/A,上海 上海市嘉定区江桥镇华江公路129弄7号J1408室,(021),未提供,NA,Shanghai,Shunqi
上海思色伍录广告有限公司,N/A,上海 嘉定区南翔镇昌翔路168号4幢105室,未提供,13817308244,NA,Shanghai,Shunqi
上海时江广告材料有限公司,N/A,上海 上海市嘉定区江桥镇华江路129弄7号楼1层1294室,021-59114989,未提供,NA,Shanghai,Shunqi
上海骏图广告有限公司,N/A,上海 上海市嘉定区菊园新区环城路2222号6幢101-J426室,(021),未提供,NA,Shanghai,Shunqi
尼狮康（上海）广告有限公司,N/A,上海 上海市嘉定工业区叶城路925号B区4幢J2491室,(021),未提供,NA,Shanghai,Shunqi
上海财港广告器材有限公司,N/A,上海 嘉定区安亭镇墨玉路185号2548,(021),未提供,NA,Shanghai,Shunqi
上海上荣广告有限公司,N/A,上海 上海市嘉定区安亭镇新翔江路2298号307室,(021),未提供,NA,Shanghai,Shunqi
上海利轩广告材料有限公司,N/A,上海 嘉定区南翔镇蕰北公路1755弄20号3153室,未提供,13928058876,NA,Shanghai,Shunqi
上海时异广告有限公司,N/A,上海 上海市嘉定区菊园新区环城路2222号6幢101-J395室,(021),未提供,NA,Shanghai,Shunqi
上海乐普营销策划有限公司,N/A,上海 嘉定区南翔镇古猗园路616号,(021),未提供,NA,Shanghai,Shunqi
上海有前广告器材有限公司,N/A,上海 上海市嘉定区江桥镇华江路129弄7号楼3层3286室,未提供,13564764199,NA,Shanghai,Shunqi
上海铂立营销策划有限公司墨玉路店,N/A,上海 上海市嘉定区安亭镇墨玉南路1018号106室一层-1,(021),未提供,NA,Shanghai,Shunqi
乾狮（上海）广告有限公司,N/A,上海 上海市嘉定工业区叶城路1630号5幢1201室,021-63931330,未提供,NA,Shanghai,Shunqi
上海觅思广告有限公司,N/A,上海 嘉定区南翔镇嘉程路1085号2幢1165室,未提供,18616500152,NA,Shanghai,Shunqi
上海展华广告有限公司,N/A,上海 嘉定区马陆镇沪宜公路2585号,(021),未提供,NA,Shanghai,Shunqi
上海圣马营销策划有限公司,N/A,上海 嘉定区安亭镇墨玉路185号,(021),未提供,NA,Shanghai,Shunqi
上海诺力基广告有限公司,N/A,上海 嘉定区南翔镇和平街252－260号,(021),未提供,NA,Shanghai,Shunqi
上海创鑫广告有限公司,N/A,上海 嘉定区安亭镇方德路310弄46号308室,(021),未提供,NA,Shanghai,Shunqi
上海崇合广告传播有限公司,N/A,上海 嘉定区南翔镇胜辛南路185号2幢3085室,(021),未提供,NA,Shanghai,Shunqi
上海耐基爱德广告有限公司,N/A,上海 嘉定区马陆镇沪宜公路2758号,(021),未提供,NA,Shanghai,Shunqi
上海潜宗广告有限公司,N/A,上海 上海市嘉定区马陆镇嘉戬支路335号,未提供,15021677701,NA,Shanghai,Shunqi
上海项璟广告有限公司,N/A,上海 上海市嘉定区菊园新区环城路2222号6幢101-J203室,(021),未提供,NA,Shanghai,Shunqi
上海得志广告有限公司,N/A,上海 上海市嘉定区徐行镇曹新公路1388弄25号－A151,(021),未提供,NA,Shanghai,Shunqi
上海弘润广告传媒有限公司,N/A,上海 上海市嘉定区南翔镇惠申路420号5幢2055室,021-62447830,未提供,NA,Shanghai,Shunqi
上海时度广告有限公司,N/A,上海 上海市嘉定区嘉定镇博乐路70号36幢2074室,(021),未提供,NA,Shanghai,Shunqi
上海纳腾广告有限公司,N/A,上海 上海市嘉定区江桥镇沙河路337号1-203室-124,未提供,18616892524,NA,Shanghai,Shunqi
上海容平广告有限公司,N/A,上海 嘉定区马陆镇嘉戬公路688号A15－37,(021),未提供,NA,Shanghai,Shunqi
上海雅圣实业有限公司光伏驱动广告用品分公司,N/A,上海 嘉定区马陆镇复华路33号1幢三层B区,(021),未提供,NA,Shanghai,Shunqi
上海博促广告设计有限公司,N/A,上海 上海市嘉定区安亭镇曹安公路4811号1层J34室,(021),未提供,NA,Shanghai,Shunqi
上海利志广告有限公司,N/A,上海 上海市嘉定区菊园新区昌徐路88号2幢1233室,(021),未提供,NA,Shanghai,Shunqi
上海乾禹营销策划有限公司,N/A,上海 上海市嘉定区华亭镇浏翔公路6899号7号楼959室,未提供,13761388968,NA,Shanghai,Shunqi
上海晟杰广告有限公司,N/A,上海 嘉定区江桥镇曹安路3550号－5,(021),未提供,NA,Shanghai,Shunqi
上海献策广告有限公司,N/A,上海 嘉定区南翔镇德园路321弄1－11号,(021),未提供,NA,Shanghai,Shunqi
上海汇灵广告有限公司,N/A,上海 嘉定区南翔镇德园路29号,(021),未提供,NA,Shanghai,Shunqi
上海三川广告有限公司,N/A,上海 嘉定区马陆镇沪宜公路2758号,(021),未提供,NA,Shanghai,Shunqi
银广通广告有限公司,N/A,上海 上海市嘉定工业区叶城路1630号5幢2043室,021-51086733,未提供,NA,Shanghai,Shunqi
上海泽明广告传媒有限公司,N/A,上海 嘉定区马陆镇沪宜公路2758号,(021),未提供,NA,Shanghai,Shunqi
上海是管广告有限公司,N/A,上海 上海市嘉定区南翔镇美裕路600号3幢J1070室,(021),未提供,NA,Shanghai,Shunqi
上海春明广告有限公司,N/A,上海 上海市嘉定工业区叶城路925号B区4幢J2050室,(021),未提供,NA,Shanghai,Shunqi
上海圣逸广告有限公司,N/A,上海 嘉定区江桥镇华江路129弄6号楼3088室,021-59138820,未提供,NA,Shanghai,Shunqi
世誉广告（上海）有限公司,N/A,上海 嘉定区南翔镇嘉美路1988号2幢2021室,(021),未提供,NA,Shanghai,Shunqi
上海比顿广告有限公司,N/A,上海 嘉定区南翔镇蓝天路9号 - ,(021),未提供,NA,Shanghai,Shunqi
上海润茂广告有限公司,N/A,上海 嘉定区马陆镇沪宜公路2585号－4696,(021),未提供,NA,Shanghai,Shunqi
上海臻万广告传媒有限公司,N/A,上海 嘉定区华亭镇浏翔公路6899号1号楼21室,未提供,13670646158,NA,Shanghai,Shunqi
上海绚扬企业营销策划有限公司,N/A,上海 嘉定区马陆镇嘉戬公路688号B6－2,(021),未提供,NA,Shanghai,Shunqi
上海神思广告有限公司,N/A,上海 上海市嘉定区菊园新区树屏路588弄40号4043室,(021),未提供,NA,Shanghai,Shunqi
上海银豆广告有限公司,N/A,上海 嘉定区马陆镇申裕路508号,(021),未提供,NA,Shanghai,Shunqi
上海思倍思广告有限公司,N/A,上海 上海市嘉定区嘉定镇博乐路89号,(021),未提供,NA,Shanghai,Shunqi
上海思倍思广告有限公司,N/A,上海 上海市嘉定区嘉定镇博乐路89号,(021),未提供,NA,Shanghai,Shunqi
上海泽首营销策划服务有限公司,N/A,上海 上海市嘉定区新成路500号J753室,(021),未提供,NA,Shanghai,Shunqi
上海聚思广告有限公司,N/A,上海 嘉定区黄渡镇绿苑路197号F459室,(021),未提供,NA,Shanghai,Shunqi
上海紫禁之巅广告有限公司,N/A,上海 嘉定区安亭镇于田路208号－7－301,(021),未提供,NA,Shanghai,Shunqi
上海岚煊广告有限公司,N/A,上海 上海市嘉定工业区叶城路925号B区4幢J2053室,(021),未提供,NA,Shanghai,Shunqi
上海鸿澜广告有限公司,N/A,上海 嘉定区马陆镇沪宜公路2758号,(021),未提供,NA,Shanghai,Shunqi
上海肖蕾广告有限公司,N/A,上海 嘉定区马陆镇嘉戬公路688号A20－9,(021),未提供,NA,Shanghai,Shunqi
上海梯幕广告设计有限公司,N/A,上海 嘉定区江桥镇华江路171号－49,(021),未提供,NA,Shanghai,Shunqi
上海星益广告传媒有限公司,N/A,上海 上海市嘉定工业区叶城路925号B区4幢J2002室,(021),未提供,NA,Shanghai,Shunqi
上海梦麦广告有限公司,N/A,上海 嘉定区南翔镇民主东街180号,(021),未提供,NA,Shanghai,Shunqi
上海优盟广告有限公司,N/A,上海 嘉定区南翔镇胜辛南路185号1幢205室,(021),未提供,NA,Shanghai,Shunqi
上海奕鲸广告有限公司,N/A,上海 上海市嘉定区菊园新区环城路2222号6幢101-J119室,(021),未提供,NA,Shanghai,Shunqi
上海洪鳌广告有限公司,N/A,上海 嘉定区马陆镇嘉戬公路688号B18－43,(021),未提供,NA,Shanghai,Shunqi
上海墨号广告有限公司,N/A,上海 上海市嘉定区南翔镇美裕路600号3幢J925室,(021),未提供,NA,Shanghai,Shunqi
上海天箭广告有限公司,N/A,上海 嘉定区安亭镇外青松公路1148号1幢221室,(021),未提供,NA,Shanghai,Shunqi
上海征途广告有限公司,N/A,上海 嘉定区马陆镇沪宜公路2758号,(021),未提供,NA,Shanghai,Shunqi
上海瑞勃特广告有限公司,N/A,上海 嘉定区马陆镇沪宜公路2758号,(021),未提供,NA,Shanghai,Shunqi
上海惠忧广告有限公司,N/A,上海 上海市嘉定工业区叶城路925号B区4幢J1631室,(021),未提供,NA,Shanghai,Shunqi
上海霓川广告有限公司,N/A,上海 嘉定区马陆镇嘉戬公路688号C1－59,(021),未提供,NA,Shanghai,Shunqi
上海贝谷广告有限公司,N/A,上海 嘉定南翔镇民主东街176号102室,(021),未提供,NA,Shanghai,Shunqi
上海德擎广告传播有限公司,N/A,上海 嘉定区南翔镇胜辛南路185号2幢3057室,(021),未提供,NA,Shanghai,Shunqi
上海晶越广告服务部,N/A,上海 嘉定区南翔镇静唐路277号2幢162室,(021),未提供,NA,Shanghai,Shunqi
上海麒威广告材料有限公司,N/A,上海 上海市嘉定区江桥镇沙河路337号1_203室J511,(021),未提供,NA,Shanghai,Shunqi
上海智多营销策划有限公司,N/A,上海 嘉定区马陆镇沪宜公路2585号－1928,(021),未提供,NA,Shanghai,Shunqi
上海雁辉广告有限公司,N/A,上海 嘉定区南翔镇翔江公路1222号313室,未提供,13501870423,NA,Shanghai,Shunqi
上海聚锐广告有限公司,N/A,上海 嘉定区安亭镇园区路1218号2幢4283室,(021),未提供,NA,Shanghai,Shunqi
上海曼卡广告传播有限公司,N/A,上海 嘉定区黄渡镇绿苑路197号F623室,(021),未提供,NA,Shanghai,Shunqi
上海灵龛广告有限公司,N/A,上海 嘉定区南翔镇蕰北公路1755弄6号3152室,(021),未提供,NA,Shanghai,Shunqi
上海浦呈广告有限公司,N/A,上海 上海市嘉定区安亭镇园区路1168号4幢2204室,(021),未提供,NA,Shanghai,Shunqi
上海山然广告有限公司,N/A,上海 嘉定区黄渡镇绿苑路197号E379室,(021),未提供,NA,Shanghai,Shunqi
上海沁馨广告有限公司,N/A,上海 上海市嘉定区江桥镇沙河路337号1_203室J426,未提供,13042197968,NA,Shanghai,Shunqi
上海凡术广告有限公司,N/A,上海 嘉定区安亭镇黄渡邓家角15号2幢4028室,未提供,13761019818,NA,Shanghai,Shunqi
昆山久星营销策划有限公司上海分公司,N/A,上海 上海市嘉定区南翔镇德力西路88号2幢A区2250室,未提供,18606260505,NA,Shanghai,Shunqi
上海萨博广告有限公司,N/A,上海 嘉定区嘉定镇博乐路70号10幢1024室,未提供,15900559126,NA,Shanghai,Shunqi
上海荣钊企业营销策划有限公司,N/A,上海 上海市嘉定区封周路655号14幢201室J2252,未提供,13701677081,NA,Shanghai,Shunqi
上海硕欣广告有限公司,N/A,上海 上海市嘉定区天祝路555弄10号112室,未提供,13524356540,NA,Shanghai,Shunqi
上海桓灵广告有限公司,N/A,上海 上海市嘉定区众仁路399号1幢12层B区J1797室,未提供,15921727657,NA,Shanghai,Shunqi
上海神树广告有限公司,N/A,上海 上海市嘉定区安亭镇墨玉南路888号2201 J426室,未提供,13701700014,NA,Shanghai,Shunqi
上海淳箴广告有限公司,N/A,上海 上海市嘉定区封周路655号14幢201室J2191,未提供,18616336198,NA,Shanghai,Shunqi
上海劲睿广告有限公司,N/A,上海 上海市嘉定区华江公路129弄6号J1422室,未提供,18201885485,NA,Shanghai,Shunqi
上海泰清企业营销策划中心,N/A,上海 上海市嘉定区嘉戬公路328号7幢7层J1714室,未提供,15333031860,NA,Shanghai,Shunqi
随睿（上海）建筑设计事务所,N/A,上海 上海市嘉定区江桥镇华江路129弄6号楼3327室,(021),未提供,NA,Shanghai,Shunqi
上海沪佳艺束软装设计有限公司,N/A,上海 上海市嘉定区南翔镇美裕路600号3幢J958室,未提供,18321377358,NA,Shanghai,Shunqi
上海博也装饰设计有限公司,N/A,上海 上海市嘉定工业区叶城路925号B区4幢J2146室,(021),15205613689,NA,Shanghai,Shunqi
上海墨雨装饰设计有限公司,N/A,上海 上海市嘉定区江桥镇华江公路129弄7号J1090室,(021),13127668486,NA,Shanghai,Shunqi
上海唐彭建筑设计事务所,N/A,上海 上海市嘉定区菊园新区环城路2222号1幢J1331室,(021),18917938996,NA,Shanghai,Shunqi
言又几装饰设计工程（上海）有限公司,N/A,上海 上海市嘉定区南翔镇美裕路600号3幢J1109室,(021),13661600808,NA,Shanghai,Shunqi
上海呈风建筑装饰设计有限公司,N/A,上海 上海市嘉定区安亭镇曹安公路4811号1层J119室,(021),13817221707,NA,Shanghai,Shunqi
上海易统金建筑设计有限公司,N/A,上海 上海市嘉定区南翔镇美裕路600号3幢J1104室,(021),18221823096,NA,Shanghai,Shunqi
上海召洹建筑装饰设计有限公司,N/A,上海 上海市嘉定区新成路500号J782室,(021),13636442036,NA,Shanghai,Shunqi
楫家室内建筑设计（上海）有限公司,N/A,上海 上海市嘉定区江桥镇华江公路129弄7号J977室,(021),15601890002,NA,Shanghai,Shunqi
上海牛装装潢设计有限公司,N/A,上海 上海市嘉定区安亭镇墨玉南路888号2201 J455室,(021),15802144395,NA,Shanghai,Shunqi
上海兢美装饰设计工程有限公司,N/A,上海 上海市嘉定区江桥镇华江公路129弄7号J1026室,(021),15201855635,NA,Shanghai,Shunqi
上海钻享创意设计有限公司,N/A,上海 上海市嘉定区新成路500号J834室,(021),13917292258,NA,Shanghai,Shunqi
上海新纯图文制作有限公司,N/A,上海 上海市嘉定区安亭镇杭桂路1112号8层J423室,(021),15000108062,NA,Shanghai,Shunqi
上海世亚广告传媒有限公司,N/A,上海 上海市嘉定工业区叶城路925号B区4幢J1700室,021 - 33520297,13482520929,NA,Shanghai,Shunqi
上海宏锦建筑装潢材料有限公司,N/A,上海 上海市嘉定区江桥镇江桥路58弄28号,021-59143666,未提供,NA,Shanghai,Shunqi
上海司同建筑设计有限公司,N/A,上海 嘉定区华亭镇浏翔公路6899号1号楼20室,未提供,18621777064,NA,Shanghai,Shunqi
上海金致装饰装潢有限公司,N/A,上海 嘉定区华亭镇浏翔公路6855号7号楼1049室,021-39870157,未提供,NA,Shanghai,Shunqi
上海晨趣装潢设计有限公司,N/A,上海 上海市嘉定区华亭镇浏翔公路6899号2号楼342室,未提供,13671646158,NA,Shanghai,Shunqi
上海越达图文设计制作有限公司,N/A,上海 上海市嘉定区华亭镇浏翔公路6899号1幢J251室,021-62306955,未提供,NA,Shanghai,Shunqi
上海步强装潢有限公司,N/A,上海 嘉定区江桥镇华江路129弄8号楼1层1124室,021-—59117708,未提供,NA,Shanghai,Shunqi
上海柏恩建筑设计有限公司,N/A,上海 嘉定区安亭镇墨玉路185号1867,未提供,13761132201,NA,Shanghai,Shunqi
上海建羽装饰设计工程有限公司,N/A,上海 上海市嘉定区菊园新区树屏路588弄38号2052室,未提供,18964864928,NA,Shanghai,Shunqi
上海冬泉建筑装潢有限公司,N/A,上海 上海市嘉定区南翔镇蕰北公路1755弄22号3层A3130室,未提供,13917080391,NA,Shanghai,Shunqi
上海古实建筑装潢工程有限公司,N/A,上海 嘉定区南翔镇惠裕路555号1幢2173室,021-59128430,未提供,NA,Shanghai,Shunqi
上海鼎淮装饰设计有限公司,N/A,上海 上海市嘉定区菊园新区平城路811号12024室,未提供,15821123253,NA,Shanghai,Shunqi
上海睿灿装饰设计有限公司,N/A,上海 上海市嘉定区菊园新区环城路2222号1幢J445室,未提供,13701677485,NA,Shanghai,Shunqi
上海觉尚装饰设计有限公司,N/A,上海 上海市嘉定区南翔镇蕰北公路1755弄5号4层4065室,未提供,13777454539,NA,Shanghai,Shunqi
上海玉飞建筑装潢设计有限公司,N/A,上海 上海市嘉定区江桥镇博园路898号2幢2层2050室,未提供,13918312952,NA,Shanghai,Shunqi
上海曦灏建筑装饰设计工程有限公司,N/A,上海 上海市嘉定工业区叶城路1630号7幢1178室,未提供,17321040656,NA,Shanghai,Shunqi
上海超赞建筑装潢有限公司,N/A,上海 上海市嘉定区南翔镇银翔路515号2046室,未提供,13916679936,NA,Shanghai,Shunqi
上海尔采艺术设计工程有限公司,N/A,上海 上海市嘉定区南翔镇蕰北公路1755弄5号4层4190室,021-69126058,未提供,NA,Shanghai,Shunqi
上海田陌建筑设计有限公司,N/A,上海 嘉定区菊园新区六里中心路8号－17,未提供,13816379082,NA,Shanghai,Shunqi
上海启悦装饰设计工程有限公司,N/A,上海 嘉定区新成路街道和政路865号二层118室,未提供,13917155898,NA,Shanghai,Shunqi
上海五铭建筑装饰设计有限公司,N/A,上海 嘉定区南翔镇嘉程路1085号7幢208室,0515-89915555,未提供,NA,Shanghai,Shunqi
上海冉盛建筑装潢工程有限公司,N/A,上海 上海市嘉定工业区叶城路912号J228室,未提供,13917570278,NA,Shanghai,Shunqi
上海夏伟建筑装饰设计工程有限公司,N/A,上海 上海市嘉定区菊园新区树屏路588弄38号2059室,021-55580061,未提供,NA,Shanghai,Shunqi
上海如康家意装饰设计工程有限公司,N/A,上海 上海市嘉定区菊园新区环城路2222号6幢101-J358室,未提供,15821868958,NA,Shanghai,Shunqi
上海溪瑞建筑设计有限公司,N/A,上海 上海市嘉定工业区叶城路912号J1525室,021-69160031,未提供,NA,Shanghai,Shunqi
上海霖瑞建筑装潢设计有限公司,N/A,上海 嘉定区南翔镇蕰北公路1755弄3号A3200室,未提供,13761606166,NA,Shanghai,Shunqi
上海赛前建筑装潢有限公司,N/A,上海 上海市嘉定区南翔镇美裕路600号3幢J854室,未提供,13916506943,NA,Shanghai,Shunqi
上海道松装饰设计工程有限公司,N/A,上海 嘉定区安亭镇园区路1168号4幢3119室,未提供,13918223367,NA,Shanghai,Shunqi
上海石筑装饰设计工程有限公司,N/A,上海 上海市嘉定区南翔镇德力西路88号2幢A区160室,未提供,13816069646,NA,Shanghai,Shunqi
上海雅奥装饰设计工程有限公司,N/A,上海 上海市嘉定区安亭镇方黄公路7735号G466室,021-58559077,未提供,NA,Shanghai,Shunqi
上海巨高建筑装潢有限公司,N/A,上海 上海市嘉定区菊园新区平城路811号7058室,未提供,13816862045,NA,Shanghai,Shunqi
上海尚唐建筑装饰设计工程有限公司,N/A,上海 嘉定区南翔镇嘉程路1085号7幢447室,未提供,13851179012,NA,Shanghai,Shunqi
上海千飞装饰装潢有限公司,N/A,上海 上海市嘉定区南翔镇惠申路420号3幢1146室,未提供,18801811891,NA,Shanghai,Shunqi
上海野川建筑设计有限公司,N/A,上海 上海市嘉定区安亭镇曹安公路5128号1幢1层1182室,未提供,13122005776,NA,Shanghai,Shunqi
上海派家装潢工程有限公司,N/A,上海 上海市嘉定区安亭镇园区路1218号2幢1310室,未提供,18626170860,NA,Shanghai,Shunqi
上海佳展建筑装潢有限公司,N/A,上海 上海市嘉定区南翔镇蕰北公路1755弄5号4层4111室,021-69890638,未提供,NA,Shanghai,Shunqi
上海觅居空间设计有限公司,N/A,上海 上海市嘉定工业区叶城路1630号5幢3038室,未提供,15221075771,NA,Shanghai,Shunqi
上海志喆装饰设计有限公司,N/A,上海 上海市嘉定区南翔镇银翔路515号2342室,未提供,13120581729,NA,Shanghai,Shunqi
上海练达建筑装饰设计工程事务所,N/A,上海 上海市嘉定工业区黎明村560号7幢124室,未提供,13524934125,NA,Shanghai,Shunqi
上海路撒装饰设计有限公司,N/A,上海 嘉定区南翔镇嘉美路1988号5幢1210室,021-33585357,未提供,NA,Shanghai,Shunqi
上海皖韵装饰设计有限公司,N/A,上海 嘉定区南翔镇静唐路99号3幢A0757室,未提供,13661999879,NA,Shanghai,Shunqi
上海韵涛装饰设计工程有限公司,N/A,上海 上海市嘉定区安亭镇新源路58号701室J68,未提供,18917577608,NA,Shanghai,Shunqi
上海廉居室内外装饰设计有限公司,N/A,上海 上海市嘉定区菊园新区平城路811号7074室,未提供,13818856757,NA,Shanghai,Shunqi
上海馨菊建筑装潢有限公司,N/A,上海 嘉定区江桥镇华江路129弄6号楼1085室,021-59530367,未提供,NA,Shanghai,Shunqi
上海耀邦图文设计制作有限公司,N/A,上海 嘉定区马陆镇宝安公路2968号5幢1115室,021-60297256,未提供,NA,Shanghai,Shunqi
上海誉豪装潢设计有限公司,N/A,上海 上海市嘉定区外冈镇北街25号8幢1130室,未提供,13501741540,NA,Shanghai,Shunqi
上海谦誉装饰装潢有限公司,N/A,上海 上海市嘉定工业区汇源路55号8幢3层J308室,未提供,13472868559,NA,Shanghai,Shunqi
上海敬誉装潢工程有限公司,N/A,上海 上海市嘉定区南翔镇德力西路88号1幢A区219室,021-59163212,未提供,NA,Shanghai,Shunqi
上海游庆装饰设计有限公司,N/A,上海 上海市嘉定区菊园新区平城路811号5117室,021-34222027,未提供,NA,Shanghai,Shunqi
上海高超装潢设计有限公司,N/A,上海 上海市嘉定区新成路街道仓场路358号712-713室,未提供,13801820632,NA,Shanghai,Shunqi
上海悦孚装潢设计股份有限公司,N/A,上海 上海市嘉定区江桥镇宝园五路458号1幢2层2101室,021-39512077,未提供,NA,Shanghai,Shunqi
上海逸叶装饰设计有限公司,N/A,上海 上海市嘉定区南翔镇德力西路88号2幢A区2518室,未提供,13501945438,NA,Shanghai,Shunqi
上海义蓝装饰设计工程有限公司,N/A,上海 上海市嘉定工业区叶城路925号B区4幢J1656室,未提供,18548178964,NA,Shanghai,Shunqi
上海衍利建筑装潢有限公司,N/A,上海 上海市嘉定区南翔镇美裕路600号3幢J576室,未提供,13817081686,NA,Shanghai,Shunqi
上海恒墅装饰设计工程有限公司,N/A,上海 上海市嘉定区南翔镇德力西路88号1幢A区760室,未提供,13701687246,NA,Shanghai,Shunqi
伟丰（上海）建筑设计工程有限公司,N/A,上海 上海市嘉定区江桥镇华江路129弄6号楼2118室,未提供,13061695499,NA,Shanghai,Shunqi
上海文来装潢有限公司,N/A,上海 上海市嘉定区嘉定镇博乐路70号36幢2099室,未提供,13601628459,NA,Shanghai,Shunqi
上海技强建筑装潢有限公司,N/A,上海 上海市嘉定区南翔镇真南路4929号14楼A102室,021-69126631,未提供,NA,Shanghai,Shunqi
上海无幻建筑设计有限公司,N/A,上海 嘉定区南翔镇嘉好路1690号8幢520室,未提供,18019325356,NA,Shanghai,Shunqi
上海边泽建筑装饰设计工程有限公司,N/A,上海 上海市嘉定区菊园新区树屏路588弄41号4010室,未提供,13023175703,NA,Shanghai,Shunqi
上海懿靓装饰设计工程有限公司,N/A,上海 上海市嘉定区南翔镇惠申路420号3幢1162室,未提供,13331856999,NA,Shanghai,Shunqi
上海眉惠装潢有限公司,N/A,上海 嘉定区南翔镇蕰北公路1755弄25号229室,未提供,13371953141,NA,Shanghai,Shunqi
上海古族装饰设计工程有限公司,N/A,上海 嘉定区马陆镇沪宜公路2581号,021-59107430,未提供,NA,Shanghai,Shunqi
上海增辉装饰设计有限公司,N/A,上海 上海市嘉定区安亭镇杭桂路1112号8层J142室,未提供,13661555193,NA,Shanghai,Shunqi
上海广威建筑装潢设计工程有限公司,N/A,上海 嘉定区南翔镇蕰北公路1755弄20号3186室,未提供,13381982289,NA,Shanghai,Shunqi
上海靓景建筑设计咨询有限公司,N/A,上海 上海市嘉定区南翔镇惠申路420号3幢1257室,未提供,15000001470,NA,Shanghai,Shunqi
上海侯智建筑装饰设计有限公司,N/A,上海 上海市嘉定区新成路500号J344室,未提供,15221622082,NA,Shanghai,Shunqi
上海无毋建筑设计有限公司,N/A,上海 上海市嘉定区菊园新区永靖路1188号1幢1024室,未提供,13636564172,NA,Shanghai,Shunqi
上海进捷建筑装潢有限公司,N/A,上海 上海市嘉定区南翔镇德力西路88号2幢A区1723室,未提供,15021970915,NA,Shanghai,Shunqi
上海国豪建筑装潢有限公司,N/A,上海 上海市嘉定区南翔镇德力西路88号2幢A区1186室,021-34010180,未提供,NA,Shanghai,Shunqi
上海全丽装饰设计有限公司,N/A,上海 上海市嘉定区华亭镇浏翔公路6899号6号楼276室,未提供,13761180238,NA,Shanghai,Shunqi
上海亿梅建筑装潢设计有限公司,N/A,上海 上海市嘉定区菊园新区平城路811号5078室,未提供,13002122808,NA,Shanghai,Shunqi
创对杰空间设计（上海）有限公司,N/A,上海 嘉定区嘉定镇博乐路70号10幢2047室,未提供,13661776447,NA,Shanghai,Shunqi
上海佳屋装饰设计有限公司,N/A,上海 上海市嘉定区安亭镇墨玉路185号1层J208室,未提供,18016532909,NA,Shanghai,Shunqi
上海新纯装潢材料经营部,N/A,上海 嘉定区外冈镇农贸市场东侧9号,021-69913862,未提供,NA,Shanghai,Shunqi
可阳福室内装潢设计（上海）有限公司,N/A,上海 上海市嘉定区菊园新区平城路811号5019室,021-62166305,未提供,NA,Shanghai,Shunqi
上海厦腾建筑装潢有限公司,N/A,上海 上海市嘉定区南翔镇美裕路600号3幢J812室,未提供,13611669554,NA,Shanghai,Shunqi
上海靓典个人形象设计有限公司,N/A,上海 上海市嘉定区南翔镇真南路4929号14楼A110室,未提供,13248244571,NA,Shanghai,Shunqi
尚邑（上海）装饰设计工程有限公司,N/A,上海 上海市嘉定区菊园新区树屏路588弄19号4020室,未提供,13761606034,NA,Shanghai,Shunqi
上海易橙装饰设计有限公司,N/A,上海 上海市嘉定区嘉定镇博乐路70号36幢2070室,未提供,13817076282,NA,Shanghai,Shunqi
上海融意建筑装饰设计有限公司,N/A,上海 上海市嘉定工业区叶城路912号J767室,未提供,18917360877,NA,Shanghai,Shunqi
上海御熠广告设计制作有限公司,N/A,上海 上海市嘉定区菊园新区永靖路1188号2幢1011室,未提供,15921417621,NA,Shanghai,Shunqi
上海蔓克霖创意设计有限公司,N/A,上海 嘉定区安亭镇墨玉路185号2959,未提供,13801743563,NA,Shanghai,Shunqi
上海琛吉装饰设计有限公司,N/A,上海 上海市嘉定区南翔镇银翔路515号3025室,未提供,15021071271,NA,Shanghai,Shunqi
上海亦隅建筑设计工程有限公司,N/A,上海 上海市嘉定区南翔镇美裕路600号3幢J693室,未提供,13585580809,NA,Shanghai,Shunqi
上海意十流装饰设计工程有限公司,N/A,上海 上海市嘉定区菊园新区树屏路588弄52号6023室,未提供,13764438146,NA,Shanghai,Shunqi
上海杰畅装饰设计有限公司,N/A,上海 上海市嘉定区南翔镇真南路4929号14楼A148室,021-56860379,未提供,NA,Shanghai,Shunqi
上海墨城建筑设计有限公司,N/A,上海 上海市嘉定区南翔镇惠申路420号3幢1340室,021-55058727,未提供,NA,Shanghai,Shunqi
上海贸胜家庭装潢有限公司,N/A,上海 上海市嘉定区安亭镇方黄公路7735号H360室,未提供,13641919814,NA,Shanghai,Shunqi
上海优澜建筑装饰设计有限公司,N/A,上海 上海市嘉定区江桥镇宝园五路458号1幢2层2241室,未提供,13122843310,NA,Shanghai,Shunqi
上海物昂建筑装潢设计有限公司,N/A,上海 上海市嘉定区菊园新区环城路2222号1幢J438室,021-32031279,未提供,NA,Shanghai,Shunqi
上海夏天个人形象设计所博乐路店,N/A,上海 上海市嘉定区嘉定镇博乐路247号,未提供,13661918559,NA,Shanghai,Shunqi
上海泽卓装饰设计工程有限公司,N/A,上海 上海市嘉定区华亭镇浏翔公路6899号7号楼801室,未提供,13916587255,NA,Shanghai,Shunqi
上海津圆建筑景观设计事务所,N/A,上海 嘉定区南翔镇嘉美路1988号6幢2090室,未提供,18018626811,NA,Shanghai,Shunqi
上海乐旭建筑装潢有限公司,N/A,上海 上海市嘉定区菊园新区环城路2222号6幢101-J78室,未提供,13472559122,NA,Shanghai,Shunqi
上海境奕装饰设计有限公司,N/A,上海 嘉定区马陆镇嘉戬公路688号E37,未提供,13671586181,NA,Shanghai,Shunqi
上海荣范电脑图文设计制作有限公司,N/A,上海 上海市嘉定区南翔镇德力西路88号2幢A区1169室,未提供,13611882002,NA,Shanghai,Shunqi
上海艳耀建筑装潢设计有限公司,N/A,上海 上海市嘉定区南翔镇嘉好路800号6幢3层B区3106室,未提供,15000365749,NA,Shanghai,Shunqi
上海帅驰装潢材料厂,N/A,上海 嘉定区马陆镇新翔村 - ,未提供,13301804685,NA,Shanghai,Shunqi
上海品轩室内装潢有限公司,N/A,上海 嘉定区南翔镇节约街265号,未提供,13122497818,NA,Shanghai,Shunqi
上海智裕幕墙装潢工程有限公司,N/A,上海 嘉定区南翔镇惠裕路555号1幢210室,未提供,15000025643,NA,Shanghai,Shunqi
上海景策建筑装饰设计有限公司,N/A,上海 上海市嘉定工业区叶城路1630号3幢1553室,(021)1381622867211,未提供,NA,Shanghai,Shunqi
上海信旭装饰设计有限公司,N/A,上海 上海市嘉定工业区朱戴路509号1幢二层,021-59968610,未提供,NA,Shanghai,Shunqi
上海芮和石材装饰设计有限公司,N/A,上海 上海市嘉定区江桥镇宝园五路458号1座2层2125室,021-69106146,未提供,NA,Shanghai,Shunqi
上海震科装饰设计工程有限公司,N/A,上海 嘉定区南翔镇蕰北公路1755弄25号447室,021-64390090,未提供,NA,Shanghai,Shunqi
上海沪环建筑装潢有限公司,N/A,上海 嘉定区南翔镇惠裕路555号3幢227室,未提供,18101705516,NA,Shanghai,Shunqi
上海臻世软装设计有限公司,N/A,上海 上海市嘉定区江桥镇张掖路359号2132室,未提供,13621863986,NA,Shanghai,Shunqi
上海恒姣装饰设计有限公司,N/A,上海 上海市嘉定区江桥镇华江路129弄7号楼4层4154室,未提供,13761766953,NA,Shanghai,Shunqi
上海澜麟装饰设计有限公司,N/A,上海 上海市嘉定区菊园新区平城路811号6060室,021-80392107,未提供,NA,Shanghai,Shunqi
上海卓森装饰设计有限公司,N/A,上海 上海市嘉定区菊园新区平城路811号2008室,未提供,15618335419,NA,Shanghai,Shunqi
上海盛卫装潢材料有限公司,N/A,上海 上海市嘉定区南翔镇德力西路88号2幢A区830室,未提供,13901755397,NA,Shanghai,Shunqi
上海詹正装饰设计工程有限公司,N/A,上海 上海市嘉定区南翔镇惠申路420号3幢1196室,未提供,15800471737,NA,Shanghai,Shunqi
元恩艺术装饰设计工程（上海）有限公司,N/A,上海 嘉定区南翔镇翔江公路1222号118室,未提供,18930877739,NA,Shanghai,Shunqi
上海迎华装饰设计有限公司,N/A,上海 嘉定区南翔镇纬五路66号4幢411室,未提供,13046660702,NA,Shanghai,Shunqi
上海恒聿建筑设计事务所,N/A,上海 嘉定区南翔镇嘉好路855号2幢402室,未提供,18721499920,NA,Shanghai,Shunqi
上海森津建筑装潢工程有限公司,N/A,上海 嘉定区南翔镇嘉美路1988号6幢3188室,021-55389514,未提供,NA,Shanghai,Shunqi
上海超仁装潢有限公司,N/A,上海 嘉定区江桥镇华江路129弄8号楼1层1085室,未提供,13671650331,NA,Shanghai,Shunqi
上海方隆装潢有限公司,N/A,上海 嘉定区安亭镇米泉路111号3－0693室,021-61266018,未提供,NA,Shanghai,Shunqi
上海冠宸装潢工程有限公司,N/A,上海 嘉定区江桥镇江翔路365号3幢105室,未提供,13917646257,NA,Shanghai,Shunqi
上海鹏锦装潢设计有限公司,N/A,上海 嘉定区南翔镇蕰北公路1755弄15号4250室,未提供,18930189557,NA,Shanghai,Shunqi
上海霞意装潢有限公司,N/A,上海 嘉定区南翔镇蕰北公路1755弄15号229室,021-66837636,未提供,NA,Shanghai,Shunqi
上海勤旺建筑装潢有限公司,N/A,上海 上海市嘉定区安亭镇墨玉路185号1738,未提供,13122453759,NA,Shanghai,Shunqi
上海臻享室内装饰设计有限公司,N/A,上海 上海市嘉定区菊园新区永靖路1188号2幢1197室,021-56508928.,未提供,NA,Shanghai,Shunqi
上海兴尊装饰设计有限公司,N/A,上海 上海市嘉定区江桥镇华江路129弄7号楼3层3053室,021-69003389,未提供,NA,Shanghai,Shunqi
素意（上海）建筑设计工程有限公司,N/A,上海 上海市嘉定工业区叶城路925号B区4幢J1638室,未提供,13918471827,NA,Shanghai,Shunqi
上海旗云建筑装潢设计有限公司,N/A,上海 上海市嘉定工业区叶城路925号A区V430,021-51070125,未提供,NA,Shanghai,Shunqi
上海昶琛装潢工程有限公司,N/A,上海 嘉定区华亭镇嘉唐公路2452号,021-59951063,未提供,NA,Shanghai,Shunqi
上海默渊装潢设计有限公司,N/A,上海 上海市嘉定区江桥镇华江路129弄7号1层1573室,未提供,15021200677,NA,Shanghai,Shunqi
上海晓智建筑装潢有限公司,N/A,上海 嘉定区马陆镇嘉戬支路1号1幢307室,未提供,13916652684,NA,Shanghai,Shunqi
上海苏驿建筑装饰设计有限公司,N/A,上海 嘉定区江桥镇华江路129弄6号楼1163室,未提供,15900554588,NA,Shanghai,Shunqi
上海哥迪建筑设计工程有限公司,N/A,上海 嘉定区南翔镇翔江公路1288号3幢319室,021-62802626,未提供,NA,Shanghai,Shunqi
上海雅榭装饰设计有限公司,N/A,上海 上海市嘉定工业区叶城路925号A区X816,021-54450860,未提供,NA,Shanghai,Shunqi
上海月功装饰设计工程有限公司,N/A,上海 上海市嘉定区安亭镇杭桂路1112号8层J121室,021-39595555,未提供,NA,Shanghai,Shunqi
上海棕阁建筑装潢有限公司,N/A,上海 上海市嘉定区南翔镇蕰北公路1755弄22号3层A3154室,未提供,13818581097,NA,Shanghai,Shunqi
上海金桔装潢设计工程有限公司,N/A,上海 嘉定区安亭镇新源路155弄16号1606室,未提供,15221371592,NA,Shanghai,Shunqi
上海钦顺装潢设计有限公司,N/A,上海 嘉定区马陆镇沪宜公路2581号,未提供,13371929770,NA,Shanghai,Shunqi
上海艺澳建筑装饰设计工程有限公司,N/A,上海 嘉定区南翔镇翔江公路1226号1幢314室,021-61313275,未提供,NA,Shanghai,Shunqi
上海锦耀广告设计制作有限公司,N/A,上海 嘉定区南翔镇蕰北公路1755弄3号102室,021-58455396,未提供,NA,Shanghai,Shunqi
上海木全空间设计有限公司,N/A,上海 上海市嘉定区安亭镇黄渡许家村许家路209号4幢1016室,未提供,13795435046,NA,Shanghai,Shunqi
懿呐达（上海）建筑装饰设计工程有限公司,N/A,上海 上海市嘉定区安亭镇园区路1218号2幢4194室,未提供,18930094981,NA,Shanghai,Shunqi
上海歌度装潢设计有限公司,N/A,上海 嘉定区南翔镇银裕路133号1幢162室,未提供,15900585006,NA,Shanghai,Shunqi
上海君威建筑设计工程有限公司,N/A,上海 上海市嘉定区菊园新区平城路811号2063室,未提供,15900937057,NA,Shanghai,Shunqi
上海鹏璞建筑设计有限公司,N/A,上海 嘉定区江桥镇华江路129弄6号楼3156室,021-39557512,未提供,NA,Shanghai,Shunqi
上海迪宙建筑装潢有限公司,N/A,上海 上海市嘉定区新成路500号J88室,未提供,13361997703,NA,Shanghai,Shunqi
上海尚耀建筑装潢工程有限公司,N/A,上海 上海市嘉定工业区叶城路912号J1536室,未提供,15317536377,NA,Shanghai,Shunqi
上海茂扬装潢有限公司,N/A,上海 嘉定区马陆镇嘉戬支路1号1幢304室,未提供,13816157755,NA,Shanghai,Shunqi
上海杰星建筑装潢工程有限公司,N/A,上海 上海市嘉定工业区叶城路925号A区V440,021-56386602,未提供,NA,Shanghai,Shunqi
上海品含装饰装潢工程有限公司,N/A,上海 上海市嘉定区安亭镇墨玉路185号1层J195室,021-59555062,未提供,NA,Shanghai,Shunqi
上海中尘建筑设计工程有限公司,N/A,上海 上海市嘉定区南翔镇美裕路600号3幢J828室,未提供,13761592734,NA,Shanghai,Shunqi
上海绿晔建筑装饰设计工程有限公司,N/A,上海 上海市嘉定区菊园新区平城路811号5171室,未提供,13585869942,NA,Shanghai,Shunqi
上海予岳建筑装潢工程有限公司,N/A,上海 上海市嘉定区安亭镇杭桂路1112号8层J97室,未提供,13501946311,NA,Shanghai,Shunqi
上海王刚装饰设计工程有限公司,N/A,上海 上海市嘉定区南翔镇蕰北公路1755弄5号4层4252室,021-58374549,未提供,NA,Shanghai,Shunqi
上海诗云图文设计制作工作室,N/A,上海 嘉定区华亭镇浏翔公路6899号1号楼193室,未提供,13764299584,NA,Shanghai,Shunqi
上海羽冠装饰设计工程有限公司,N/A,上海 上海市嘉定区菊园新区昌徐路88号2幢3385室,未提供,15000609120,NA,Shanghai,Shunqi
上海善仕建筑装饰设计有限公司,N/A,上海 嘉定区南翔镇蕰北公路1755弄20号227室,未提供,13127668618,NA,Shanghai,Shunqi
上海韦督展示设计制作有限公司,N/A,上海 嘉定区南翔镇蕰北公路1755弄3号315室,未提供,18616618376,NA,Shanghai,Shunqi
上海酉富建筑装潢工程有限公司,N/A,上海 上海市嘉定区江桥镇华江公路129弄7号J743室,未提供,18916581125,NA,Shanghai,Shunqi
上海品聚装饰设计有限公司,N/A,上海 上海市嘉定区菊园新区菊城路28号2幢2048室,021-56451881,未提供,NA,Shanghai,Shunqi
上海携艺展示设计制作有限公司,N/A,上海 嘉定区南翔镇翔乐路220弄3幢1号,021-66309325,未提供,NA,Shanghai,Shunqi
上海良鸣建筑装饰设计工程有限公司,N/A,上海 上海市嘉定区南翔镇德力西路88号1幢A区252室,未提供,13564325947,NA,Shanghai,Shunqi
上海正人装潢材料有限公司,N/A,上海 嘉定区安亭镇米泉路111号3－0763室,未提供,13611612759,NA,Shanghai,Shunqi
上海海琵装潢工程有限公司,N/A,上海 嘉定区嘉定工业区人民街81号6号楼110室,未提供,13003215475,NA,Shanghai,Shunqi
上海纪扬建筑装饰设计工程有限公司,N/A,上海 上海市嘉定区新成路500号J44室,未提供,13636481622,NA,Shanghai,Shunqi
上海顺助建筑装潢有限公司,N/A,上海 嘉定区南翔镇惠裕路555号1幢225室,021-69890638,未提供,NA,Shanghai,Shunqi
上海皖桂房屋装潢经营部,N/A,上海 上海市嘉定工业区叶城路912号J1858室,021-59162465,未提供,NA,Shanghai,Shunqi
上海妙简装饰设计工程有限公司,N/A,上海 上海市嘉定区新成路500号J511室,未提供,13671508258,NA,Shanghai,Shunqi
上海实挺装饰设计工程有限公司,N/A,上海 上海市嘉定区菊园新区环城路2222号1幢J1086室,未提供,13816489418,NA,Shanghai,Shunqi
上海聚卉生态景观设计有限公司,N/A,上海 上海市嘉定区江桥镇华江路129弄7号J148室,未提供,15221226538,NA,Shanghai,Shunqi
上海巢源装饰设计工程有限公司,N/A,上海 嘉定区南翔镇胜辛南路185号2幢3159室,未提供,15021213008,NA,Shanghai,Shunqi
上海浅城建筑装饰设计有限公司,N/A,上海 上海市嘉定区南翔镇银翔路515号2361室,未提供,13856081324,NA,Shanghai,Shunqi
上海唯格装饰设计制作有限公司,N/A,上海 上海市嘉定工业区招贤路1181号5幢3层307室,02153821301,未提供,NA,Shanghai,Shunqi
上海春彪建筑装潢工程有限公司,N/A,上海 嘉定区华亭镇浏翔公路6899号7号楼098室,未提供,13816717322,NA,Shanghai,Shunqi
上海丁林建筑装潢设计有限公司,N/A,上海 嘉定区江桥镇华江路129弄8号楼1层1139室,021-59180512,未提供,NA,Shanghai,Shunqi
上海沪腾装潢设计有限公司,N/A,上海 上海市嘉定工业区叶城路912号J939室,未提供,13816786169,NA,Shanghai,Shunqi
上海中关建筑装饰设计有限公司,N/A,上海 上海市嘉定区江桥镇沙河路337号1-203室-135,未提供,13166231705,NA,Shanghai,Shunqi
上海艮离室内设计事务所,N/A,上海 上海市嘉定区嘉定镇沪宜公路3818号2幢1174室,未提供,13361863359,NA,Shanghai,Shunqi
上海万巢建筑装潢设计工程有限公司,N/A,上海 上海市嘉定工业区叶城路925号A区u741,未提供,13764660887,NA,Shanghai,Shunqi
上海余饶建筑装潢有限公司,N/A,上海 上海市嘉定区菊园新区平城路811号12101室,未提供,13601607404,NA,Shanghai,Shunqi
上海伟乐建筑装饰设计有限公司,N/A,上海 嘉定区南翔镇嘉美路1988号5幢2089室,未提供,13918827319,NA,Shanghai,Shunqi
上海珑宬装饰设计工程有限公司,N/A,上海 上海市嘉定工业区叶城路1630号8幢2117室,021-69112766,未提供,NA,Shanghai,Shunqi
麓岩景观设计（上海）有限公司,N/A,上海 上海市嘉定工业区叶城路925号B区4幢J1291室,021-60292833,未提供,NA,Shanghai,Shunqi
上海品裕建筑设计工程有限公司,N/A,上海 上海市嘉定区南翔镇嘉好路1690号5幢4160室,未提供,13917691296,NA,Shanghai,Shunqi
致象软装设计（上海）有限公司,N/A,上海 上海市嘉定区南翔镇美裕路600号3幢J627室,021-37628979,未提供,NA,Shanghai,Shunqi
上海看缘建筑装饰设计工程有限公司,N/A,上海 上海市嘉定工业区叶城路912号J2065室,未提供,13801923596,NA,Shanghai,Shunqi
上海定丽装饰设计有限公司,N/A,上海 上海市嘉定区江桥镇宝园五路458号1幢2层2132室,未提供,18217132645,NA,Shanghai,Shunqi
上海镌杰广告设计制作有限公司,N/A,上海 嘉定区南翔镇蕰北公路1755弄3号4106室,未提供,13761373154,NA,Shanghai,Shunqi
上海凤美建筑装潢材料有限公司,N/A,上海 嘉定区马陆镇新翔村 - ,021-50199786,未提供,NA,Shanghai,Shunqi
上海启楼建筑装潢工程有限公司,N/A,上海 上海市嘉定区南翔镇嘉好路800号6幢1层B区1073室,021-52715201,未提供,NA,Shanghai,Shunqi
蜂莘巢装饰设计（上海）有限公司,N/A,上海 上海市嘉定区南翔镇嘉好路800号6幢1层B区1120室,未提供,15800511156,NA,Shanghai,Shunqi
上海丽申建筑装潢工程有限公司,N/A,上海 嘉定区南翔镇银裕路133号1幢2244室,未提供,15900815887,NA,Shanghai,Shunqi
上海志毅建筑装潢工程有限公司,N/A,上海 上海市嘉定区南翔镇惠申路420号3幢1156室,021-66272800,未提供,NA,Shanghai,Shunqi
上海璞海装饰设计有限公司,N/A,上海 上海市嘉定区江桥镇华江公路129弄7号J394室,未提供,15957390704,NA,Shanghai,Shunqi
上海杜鑫装饰设计工程有限公司,N/A,上海 上海市嘉定区江桥镇华江路129弄7号楼2层2260室,未提供,18646005345,NA,Shanghai,Shunqi
上海青烨装饰设计有限公司,N/A,上海 上海市嘉定工业区叶城路912号J1372室,未提供,13817466019,NA,Shanghai,Shunqi
上海昌记建筑装潢有限公司,N/A,上海 上海市嘉定区安亭镇墨玉路185号1层J455室,未提供,18621537813,NA,Shanghai,Shunqi
上海饰宸建筑装潢有限公司,N/A,上海 上海市嘉定区江桥镇沙河路337号1-203室J25,021-62150985,未提供,NA,Shanghai,Shunqi
上海易昀装饰设计工程有限公司,N/A,上海 嘉定区南翔镇嘉美路1988号5幢3113室,021-50181685,未提供,NA,Shanghai,Shunqi
上海安吾建筑装潢有限公司,N/A,上海 上海市嘉定区江桥镇华江公路129弄7号J664室,021-59131700,未提供,NA,Shanghai,Shunqi
上海蕊源形象设计工作室,N/A,上海 嘉定区安亭镇新源路58号904室,未提供,13912671142,NA,Shanghai,Shunqi
迪切萨雷室内设计（上海）有限公司,N/A,上海 上海市嘉定区南翔镇沪宜公路1188号18幢408室,021-69890639,未提供,NA,Shanghai,Shunqi
上海名蒙装饰设计工程有限公司,N/A,上海 上海市嘉定区江桥镇鹤望路298号1幢,未提供,18939881717,NA,Shanghai,Shunqi
艺玛（上海）装饰设计有限公司,N/A,上海 嘉定区南翔镇蕰北公路1755弄15号2146室,未提供,13601799499,NA,Shanghai,Shunqi
上海缘林建筑装潢工程有限公司,N/A,上海 嘉定区江桥镇桃浦公路2628号,021-60714186,未提供,NA,Shanghai,Shunqi
上海州星建筑装潢有限公司,N/A,上海 上海市嘉定区南翔镇德力西路88号2幢A区2033室,未提供,13918583912,NA,Shanghai,Shunqi
上海意协建筑装潢工程有限公司,N/A,上海 嘉定区马陆镇嘉戬公路688号A17－38,未提供,13651808998,NA,Shanghai,Shunqi
上海天众图文设计制作有限公司,N/A,上海 嘉定区嘉定镇博乐路70号3幢404室,021-59914879,未提供,NA,Shanghai,Shunqi
上海黎融建筑装潢有限公司,N/A,上海 嘉定区安亭镇黄渡邓家角15号2幢3027室,021-69591271,未提供,NA,Shanghai,Shunqi
上海海嘟源装饰设计有限公司,N/A,上海 上海市嘉定区南翔镇真南路4929号14楼A116室,未提供,13318662948,NA,Shanghai,Shunqi
上海文听装饰设计工程有限公司,N/A,上海 上海市嘉定工业区叶城路1630号5幢3163室,021-56727801,未提供,NA,Shanghai,Shunqi
上海春梅建筑装潢配套有限公司,N/A,上海 上海市嘉定区南翔镇薀北公路1755弄5号4层4449室,未提供,13122059636,NA,Shanghai,Shunqi
上海翔起装饰设计有限公司,N/A,上海 嘉定区华亭镇浏翔公路6899号1号楼132室,021-69952971,未提供,NA,Shanghai,Shunqi
上海好济装饰设计工程有限公司,N/A,上海 上海市嘉定区江桥镇华江路129弄7号楼4层4194室,021-60528619,未提供,NA,Shanghai,Shunqi
上海欧晌装饰设计有限公司,N/A,上海 上海市嘉定区南翔镇科福路358_368号4幢1层B区1114室,未提供,13611669554,NA,Shanghai,Shunqi
上海睿狮装饰设计工程有限公司,N/A,上海 嘉定区南翔镇银裕路133号2幢1213室,未提供,13764125782,NA,Shanghai,Shunqi
上海蔚柏装潢设计有限公司,N/A,上海 上海市嘉定区安亭镇嘉松北路3998号1幢109－B,未提供,15921038874,NA,Shanghai,Shunqi
上海承蒙装饰设计工程有限公司,N/A,上海 上海市嘉定区华亭镇浏翔公路6899号6号楼384室,021-59151985,未提供,NA,Shanghai,Shunqi
上海方标装潢设计有限公司,N/A,上海 上海市嘉定区南翔镇德力西路88号2幢A区649室,未提供,13916952082,NA,Shanghai,Shunqi
上海筑墨建筑装饰设计有限公司,N/A,上海 嘉定区南翔镇嘉程路1085号5幢112室,未提供,13917798895,NA,Shanghai,Shunqi
上海馨然装饰设计有限公司,N/A,上海 嘉定区南翔镇嘉程路1085号7幢304室,未提供,15216810527,NA,Shanghai,Shunqi
上海澳龙装潢工程有限公司,N/A,上海 嘉定区江桥镇江翔路365号2幢188室,未提供,13918235381,NA,Shanghai,Shunqi
上海磊岳建筑装潢工程有限公司,N/A,上海 上海市嘉定区南翔镇蕰北公路1755弄5号4层4497室,未提供,13816726577,NA,Shanghai,Shunqi
上海三才美术创意设计有限公司,N/A,上海 嘉定区江桥镇曹安路3460号－64,021-62838430,未提供,NA,Shanghai,Shunqi
上海螺丽工艺品设计制作室,N/A,上海 嘉定区嘉定镇清河路150号3号楼106室,未提供,13311713909,NA,Shanghai,Shunqi
上海精细坊装饰设计工程有限公司,N/A,上海 上海市嘉定区南翔镇德力西路88号2幢A区2229室,未提供,15000548929,NA,Shanghai,Shunqi
上海勇勇建筑装潢工程有限公司,N/A,上海 嘉定区江桥镇华江路129弄7号楼2层2210室,未提供,13311612758,NA,Shanghai,Shunqi
上海爱创装潢设计有限公司,N/A,上海 上海市嘉定区南翔镇科福路358_368号4幢1层E区J363室,021-66180893,未提供,NA,Shanghai,Shunqi
上海科图建筑装饰设计事务所,N/A,上海 上海市嘉定工业区叶城路1630号5幢2078室,021-69526576,未提供,NA,Shanghai,Shunqi
上海金鸟建筑装潢有限公司,N/A,上海 上海市嘉定区南翔镇德力西路88号2幢A区1427室,未提供,13817977768,NA,Shanghai,Shunqi
上海同秀建筑装潢服务部,N/A,上海 嘉定区南翔镇翔江公路1288号3幢431室,021-59175196,未提供,NA,Shanghai,Shunqi
上海胤泽建筑装潢工程有限公司,N/A,上海 嘉定区嘉定镇清河路150号4幢5002室,021-39540375,未提供,NA,Shanghai,Shunqi
上海曦果建筑装潢有限公司,N/A,上海 上海市嘉定区菊园新区永靖路1188号1幢1182室,未提供,13311625961,NA,Shanghai,Shunqi
上海龙珏建筑装潢有限公司,N/A,上海 上海市嘉定区南翔镇德力西路88号2幢A区661室,未提供,18217357727,NA,Shanghai,Shunqi
上海瑾秀皋灶装饰设计工程有限公司,N/A,上海 上海市嘉定区华亭镇浏翔公路6899号7号楼184室,未提供,15921294299,NA,Shanghai,Shunqi
上海欧普士装潢设计工程有限公司,N/A,上海 嘉定区华亭镇浏翔公路6899号7号楼020室,021-54198923,未提供,NA,Shanghai,Shunqi
上海鼎仕建筑设计有限公司,N/A,上海 上海市嘉定区菊园新区昌徐路88号1幢3113室,未提供,13075837918,NA,Shanghai,Shunqi
山田工业产品设计（上海）有限公司,N/A,上海 上海市嘉定区马陆镇陆家村陆沈路152号1幢107室,021-33681199,未提供,NA,Shanghai,Shunqi
璞田室内设计（上海）有限公司,N/A,上海 上海市嘉定区徐行镇澄浏公路98号2幢112室,021-60751099,未提供,NA,Shanghai,Shunqi
上海亨瑞建筑装潢有限公司,N/A,上海 嘉定区南翔镇蕰北公路1755弄15号380室,未提供,13801774901,NA,Shanghai,Shunqi
上海尚凯装饰设计有限公司,N/A,上海 上海市嘉定区菊园新区树屏路588弄41号3层J149室,021-31230708,未提供,NA,Shanghai,Shunqi
上海丽久装潢材料有限公司,N/A,上海 上海市嘉定区南翔镇蕰北公路1755弄22号3层A3035室,未提供,13774496878,NA,Shanghai,Shunqi
上海丹泽装饰设计工程有限公司,N/A,上海 上海市嘉定区菊园新区平城路811号2160室,未提供,15021616899,NA,Shanghai,Shunqi
上海纳薇服装设计有限公司嘉定分公司,N/A,上海 上海市嘉定区安亭镇墨玉南路1077号207、208室,52060850-229,未提供,NA,Shanghai,Shunqi
上海时恩装饰设计有限公司,N/A,上海 上海市嘉定区江桥镇华江公路129弄7号J401室,未提供,13601858699,NA,Shanghai,Shunqi
上海中晓图文设计制作有限公司,N/A,上海 嘉定区南翔镇嘉美路1988号5幢3104室,021-65910383,未提供,NA,Shanghai,Shunqi
上海南威建筑装潢工程有限公司,N/A,上海 嘉定区南翔镇民主街185弄4号201室,02159121805,未提供,NA,Shanghai,Shunqi
上海宇祥装饰设计工程有限公司,N/A,上海 上海市嘉定区菊园新区昌徐路88号2幢3246室,未提供,13681922960,NA,Shanghai,Shunqi
上海睿琴建筑装潢有限公司,N/A,上海 上海市嘉定区菊园新区树屏路588弄37号3034室,未提供,13818087818,NA,Shanghai,Shunqi
上海品林景观设计有限公司,N/A,上海 上海市嘉定工业区叶城路1630号5幢1008室,021-38710217,未提供,NA,Shanghai,Shunqi
上海德侃建筑装潢设计有限公司,N/A,上海 上海嘉定马陆镇嘉戬公路688号17－8,02159515263,未提供,NA,Shanghai,Shunqi
上海同源数邦工业设计有限公司,N/A,上海 嘉定区外冈镇沪宜公路5408号83＃,未提供,13818096059,NA,Shanghai,Shunqi
上海灵建建筑装潢材料有限公司,N/A,上海 嘉定区马陆镇嘉戬公路688号A20－17,未提供,13818286134,NA,Shanghai,Shunqi
上海勤祥建筑装潢材料有限公司,N/A,上海 上海市嘉定区南翔镇德力西路88号2幢A区031室,未提供,13918691263,NA,Shanghai,Shunqi
上海富凝建筑设计有限公司,N/A,上海 上海市嘉定工业区叶城路912号J2101室,021-60511787,未提供,NA,Shanghai,Shunqi
上海乐易佳装潢有限公司,N/A,上海 嘉定区江桥镇华江路129弄8号楼1层1052室,未提供,18851573438,NA,Shanghai,Shunqi
上海境建模型设计有限公司,N/A,上海 嘉定区南翔镇翔江公路1288号3幢423室,未提供,18052026718,NA,Shanghai,Shunqi
上海三笠装潢安装有限公司,N/A,上海 上海市嘉定区安亭镇曹安公路4811号1层J41室,未提供,13311769197,NA,Shanghai,Shunqi
湖北博克景观艺术设计工程有限责任公司上海第一分公司,N/A,上海 上海市嘉定区菊园新区平城路811号2207室,未提供,18995524912,NA,Shanghai,Shunqi
上海素源建筑装饰设计有限公司,N/A,上海 嘉定区华亭镇浏翔公路6899号7号楼035室,未提供,13166350124,NA,Shanghai,Shunqi
上海兴居建筑装潢工程有限公司,N/A,上海 上海市嘉定工业区叶城路1630号5幢1301室,021-50729002,未提供,NA,Shanghai,Shunqi
上海昂特建筑设计咨询有限公司,N/A,上海 上海市嘉定工业区叶城路925号B区4幢J659室,未提供,18918991096,NA,Shanghai,Shunqi
上海君灵建筑装潢有限公司,N/A,上海 上海市嘉定区菊园新区昌徐路88号2幢3459室,未提供,13818635943,NA,Shanghai,Shunqi
上海也图装潢有限公司,N/A,上海 嘉定区马陆镇沪宜公路2581号,021-50898858,未提供,NA,Shanghai,Shunqi
博墨（上海）建筑设计有限公司,N/A,上海 上海市嘉定区菊园新区平城路811号7107室,未提供,18516113383,NA,Shanghai,Shunqi
上海新玲建筑装潢有限公司,N/A,上海 上海市嘉定区南翔镇德力西路88号2幢A区2382室,未提供,18939721600,NA,Shanghai,Shunqi
上海创舍建筑设计有限公司,N/A,上海 嘉定区南翔镇嘉好路1690号2幢481室,未提供,13961738285,NA,Shanghai,Shunqi
上海邹全建筑装潢有限公司,N/A,上海 上海市嘉定区南翔镇惠申路420号3幢1292室,未提供,13816175353,NA,Shanghai,Shunqi
上海厚维装饰设计有限公司,N/A,上海 上海市嘉定区南翔镇银翔路515号3104室,未提供,13370083419,NA,Shanghai,Shunqi
上海心印建筑设计咨询事务所,N/A,上海 嘉定区南翔镇嘉美路1988号6幢1209室,02139170470,未提供,NA,Shanghai,Shunqi
上海筑真装饰设计工程有限公司,N/A,上海 上海市嘉定区南翔镇蕰北公路1755弄22号3层A3125室,021-51353189,未提供,NA,Shanghai,Shunqi
上海予辰创意设计有限公司,N/A,上海 嘉定区南翔镇蕰北公路1755弄9号4177室,02156469303,未提供,NA,Shanghai,Shunqi
上海轩盟装饰设计工程有限公司,N/A,上海 上海市嘉定区菊园新区永靖路1188号1幢2227室,未提供,13818400362,NA,Shanghai,Shunqi
上海大舍建筑设计咨询有限公司,N/A,上海 嘉定区南翔镇蕰北公路1755弄3号3303室,021-64278928,未提供,NA,Shanghai,Shunqi
上海宇谦设计装潢有限公司,N/A,上海 嘉定区南翔镇嘉美路1988号5幢2174室,未提供,13120825378,NA,Shanghai,Shunqi
上海融洲装饰设计工程有限公司,N/A,上海 上海市嘉定区菊园新区昌徐路88号2幢3127室,未提供,15852763863,NA,Shanghai,Shunqi
上海恒御装饰设计有限公司,N/A,上海 嘉定区南翔镇蕰北公路1755弄19号234室,未提供,13918784808,NA,Shanghai,Shunqi
上海等闲图文设计制作有限公司,N/A,上海 嘉定区南翔镇蕰北公路1755弄9号3132室,未提供,13801702564,NA,Shanghai,Shunqi
上海嘉宁装潢有限公司,N/A,上海 上海市嘉定区嘉定镇环城路2424号6幢,未提供,18017122368,NA,Shanghai,Shunqi
上海珑宬装饰设计工程有限公司,N/A,上海 上海市嘉定工业区叶城路1630号8幢2117室,021-69112766,未提供,NA,Shanghai,Shunqi
上海云逸室内装潢设计有限公司,N/A,上海 上海市嘉定工业区叶城路925号B区4幢J632室,未提供,13818519899,NA,Shanghai,Shunqi
上海德岑企业形象策划有限公司,N/A,上海 嘉定区南翔镇蕰北公路1755弄22号321室,021-52382086,未提供,NA,Shanghai,Shunqi
上海向导图文制作有限公司,N/A,上海 上海市南翔镇嘉好路799号,未提供,13901845672,NA,Shanghai,Shunqi
上海盈践数码图文设计制作有限公司,N/A,上海 上海市嘉定区南翔镇惠申路420号3幢1098室,021-52522447,未提供,NA,Shanghai,Shunqi
上海志全建筑装饰设计有限公司,N/A,上海 上海市嘉定工业区叶城路912号J1592室,未提供,13701933813,NA,Shanghai,Shunqi
上海优装空间设计有限公司,N/A,上海 嘉定区南翔镇嘉美路2020号4幢205室,未提供,13564650816,NA,Shanghai,Shunqi
上海亚静室内设计工程有限公司,N/A,上海 上海市嘉定区嘉定镇博乐路70号36幢1073室,未提供,13585770736,NA,Shanghai,Shunqi
上海二次方建筑装饰设计工程有限公司,N/A,上海 上海市嘉定区安亭镇绿苑路197号D111室,未提供,13601750667,NA,Shanghai,Shunqi
上海典实室内设计装饰工程有限公司,N/A,上海 嘉定区安亭镇墨玉路185号2862,未提供,13801915521,NA,Shanghai,Shunqi
上海集晨建筑设计有限公司,N/A,上海 上海市嘉定区南翔镇美裕路600号3幢J763室,021-50786967,未提供,NA,Shanghai,Shunqi
上海胜军广告设计制作有限公司,N/A,上海 上海市嘉定区南翔镇惠申路420号5幢1058室,02162337603,未提供,NA,Shanghai,Shunqi
上海溪谷建筑设计有限公司,N/A,上海 上海市嘉定区南翔镇德力西路88号2幢A区2022室,未提供,13817037191,NA,Shanghai,Shunqi
上海渲彩装潢有限公司分公司,N/A,上海 嘉定区安亭镇阜康西路205号,未提供,15801949678,NA,Shanghai,Shunqi
上海渲彩装潢有限公司,N/A,上海 上海市嘉定区菊园新区平城路811号12130室,未提供,13916611156,NA,Shanghai,Shunqi
上海游鸿建筑设计有限公司,N/A,上海 嘉定区安亭镇黄渡邓家角15号2幢3057室,021-59988623,未提供,NA,Shanghai,Shunqi
上海美睿美装饰设计有限公司,N/A,上海 上海市嘉定工业区叶城路1630号3幢1117室,未提供,13980007320,NA,Shanghai,Shunqi
上海典郎建筑装潢有限公司,N/A,上海 上海市嘉定区安亭镇墨玉路185号1层J330室,021-59570990,未提供,NA,Shanghai,Shunqi
上海沈盛建筑装潢设计有限公司,N/A,上海 上海市嘉定区南翔镇嘉好路800号6幢1层B区1017室,未提供,15921872728,NA,Shanghai,Shunqi
上海本帅装饰设计工程有限公司,N/A,上海 上海市嘉定工业区叶城路912号J87室,021-69526252,未提供,NA,Shanghai,Shunqi
上海智蕴装饰设计工程有限公司,N/A,上海 上海市嘉定区南翔镇嘉美路955号4幢1234室,02133510690,未提供,NA,Shanghai,Shunqi
上海拓米景观设计有限公司,N/A,上海 上海市嘉定工业区叶城路912号J807室,未提供,18917360877,NA,Shanghai,Shunqi
上海悠然形象设计有限公司,N/A,上海 上海南翔镇德华路636号,未提供,13641981697,NA,Shanghai,Shunqi
上海志良建筑装潢有限公司,N/A,上海 上海市嘉定区外冈镇甘柏村西侧,02159580862,未提供,NA,Shanghai,Shunqi
上海往来装饰设计有限公司,N/A,上海 嘉定区南翔镇蕰北公路1755弄3号114室,021-33517393,未提供,NA,Shanghai,Shunqi
上海庆恒建筑装潢工程有限公司,N/A,上海 嘉定区马陆镇希望路255号,02154200132,未提供,NA,Shanghai,Shunqi
上海峥洋装潢有限公司,N/A,上海 上海市嘉定区菊园新区昌徐路88号1幢1064室,未提供,15026664935,NA,Shanghai,Shunqi
上海淇雁空间设计有限公司,N/A,上海 嘉定区嘉定镇博乐路70号17幢434室,未提供,13918321520,NA,Shanghai,Shunqi
上海蔼尚装潢材料有限公司,N/A,上海 上海市嘉定区南翔镇蕰北公路1755弄5号3层B区3416室,未提供,13601633319,NA,Shanghai,Shunqi
上海诚尚装潢设计有限公司,N/A,上海 上海市嘉定区南翔镇蕰北公路1755弄22号3层A3199室,未提供,18317039189,NA,Shanghai,Shunqi
上海盛万投资顾问有限公司,N/A,上海 上海市嘉定区南翔镇惠申路420号2幢1170室,021-58400138,未提供,NA,Shanghai,Shunqi
上海磊轩建设管理咨询有限公司,N/A,上海 上海市嘉定区安亭镇嘉安公路3333弄48号302室,021-69574721,未提供,NA,Shanghai,Shunqi
上海融研企业管理顾问有限公司,N/A,上海 上海市嘉定区南翔镇蕰北公路1755弄5号3层B区3347室,未提供,13781851189,NA,Shanghai,Shunqi
潘刘卢杨林企业顾问（上海）有限公司,N/A,上海 上海市嘉定区安亭镇新源路58号701室J202,021-59573932,未提供,NA,Shanghai,Shunqi
上海慧泉管理顾问有限公司,N/A,上海 上海市嘉定区马陆镇嘉戬公路688号B8－98,021-61429161,未提供,NA,Shanghai,Shunqi
佰盛达物业顾问（北京）有限公司上海分公司,N/A,上海 嘉定区马陆镇丰登路1028弄9号1层东区101室,(021),未提供,NA,Shanghai,Shunqi
柏泽（上海）环境设计顾问有限公司,N/A,上海 嘉定区嘉定镇博乐路70号10幢2071室,未提供,15262602579,NA,Shanghai,Shunqi
上海贝镭华建筑工程顾问有限公司,N/A,上海 嘉定区马陆镇嘉戬支路217号1幢130室,02132569388,未提供,NA,Shanghai,Shunqi
众为智诚国际品牌管理顾问（北京）有限公司上海分公司,N/A,上海 嘉定区江桥镇华江路129弄6号楼1110室,(021),未提供,NA,Shanghai,Shunqi
上海杰乐投资咨询有限公司,N/A,上海 上海市嘉定区安亭镇墨玉路185号1层J1135室,未提供,13311706738,NA,Shanghai,Shunqi
上海市嘉定区安亭镇兴业劳务咨询服务部,N/A,上海 嘉定区安亭镇兰塘村杨家801号,(021),未提供,NA,Shanghai,Shunqi
上海全达投资顾问有限公司,N/A,上海 嘉定区马陆镇沪宜公路2585号－2102,(021),未提供,NA,Shanghai,Shunqi
上海蓝色未来公关顾问股份有限公司,N/A,上海 上海市嘉定工业区叶城路1630号10幢2380室,010-65307290,未提供,NA,Shanghai,Shunqi
上海知行明德投资管理顾问有限公司,N/A,上海 嘉定区嘉定镇博乐路70号10幢1033室,010-62119109,未提供,NA,Shanghai,Shunqi
上海顺广投资管理咨询有限公司,N/A,上海 嘉定区马陆镇北管村思星路8号16幢3025室,(021),未提供,NA,Shanghai,Shunqi
上海隽泽公关顾问工作室,N/A,上海 上海市嘉定工业区叶城路1630号5幢2140室,未提供,13500052655,NA,Shanghai,Shunqi
上海智信雅营销顾问有限公司,N/A,上海 上海市嘉定工业区叶城路1630号3幢1095室,02151085521-8096,未提供,NA,Shanghai,Shunqi
狮华公关顾问（上海）有限公司,N/A,上海 上海市嘉定工业区叶城路1630号5幢2096室,021-31128056,未提供,NA,Shanghai,Shunqi
上海广慈投资管理咨询有限公司,N/A,上海 嘉定区南翔镇翔江路28号,(021),未提供,NA,Shanghai,Shunqi
上海宝原物业顾问有限公司中佳路分公司,N/A,上海 嘉定区南翔镇中佳路58号,021-60177888,未提供,NA,Shanghai,Shunqi
上海辅成会展顾问有限公司,N/A,上海 上海嘉定徐行镇曹新公路1388弄25号－A477,(021),未提供,NA,Shanghai,Shunqi
上海赞育投资管理顾问有限公司,N/A,上海 上海市嘉定区南翔镇胜辛南路185号第2幢3166室,(021),未提供,NA,Shanghai,Shunqi
宜诺管理顾问（上海）有限公司,N/A,上海 上海市嘉定区新成路街道仓场路349号406室,021-33685918,未提供,NA,Shanghai,Shunqi
上海武岳峰高科技创业投资顾问合伙企业,N/A,上海 上海市嘉定区嘉定镇博乐路70号36幢3091室,021-50801725,未提供,NA,Shanghai,Shunqi
上海九锡堂投资顾问有限公司,N/A,上海 嘉定区南翔镇沪宜公路1188号8幢427室,(021),未提供,NA,Shanghai,Shunqi
上海尚市投资顾问事务所,N/A,上海 嘉定区南翔镇嘉好路1690号2幢678室,未提供,13925186025,NA,Shanghai,Shunqi
上海众行企业管理顾问有限公司,N/A,上海 上海市嘉定工业区叶城路1630号3幢1350室,未提供,13544494361,NA,Shanghai,Shunqi
福建运通星财富管理顾问有限公司上海分公司,N/A,上海 嘉定区南翔镇银裕路133号1幢1250室,(021),未提供,NA,Shanghai,Shunqi
上海朴凡企业管理顾问有限公司,N/A,上海 嘉定区马陆镇宝安公路3792号,(021),未提供,NA,Shanghai,Shunqi
上海传颐公关顾问咨询有限公司,N/A,上海 上海市嘉定区菊园新区永靖路1188号2幢1195室,未提供,13761820730,NA,Shanghai,Shunqi
上海上慧健康管理顾问有限公司,N/A,上海 上海市嘉定区菊园新区昌徐路88号2幢3474室,02152855190,未提供,NA,Shanghai,Shunqi
上海静宏企业管理顾问有限公司,N/A,上海 上海市嘉定区南翔镇陈翔路768号7幢B区1017室,未提供,13917103090,NA,Shanghai,Shunqi
上海中原物业顾问有限公司安谐路分公司,N/A,上海 上海市嘉定区安亭镇安谐路75号112室,021-51788888,未提供,NA,Shanghai,Shunqi
上海核峰核电工程顾问有限公司,N/A,上海 上海市嘉定区南翔镇德力西路88号1幢A区299室,021-65689377,未提供,NA,Shanghai,Shunqi
上海毕富投资顾问工作室,N/A,上海 上海市嘉定工业区叶城路1630号5幢2019室,(021),未提供,NA,Shanghai,Shunqi
上海净海网络科技管理咨询有限公司江桥分公司,N/A,上海 上海市嘉定区江桥镇海波路623号112室,(021),未提供,NA,Shanghai,Shunqi
睿活营销顾问（上海）有限公司,N/A,上海 上海市嘉定工业区汇源路200号705-1室,021-24110888,未提供,NA,Shanghai,Shunqi
上海西平财务顾问有限公司,N/A,上海 上海市嘉定区菊园新区环城路2222号1幢J1468室,021-67633040,未提供,NA,Shanghai,Shunqi
上海巨同建设工程顾问有限公司,N/A,上海 嘉定区马陆镇嘉戬公路688号B20－22,(021),未提供,NA,Shanghai,Shunqi
鼎译设计顾问（上海）有限公司,N/A,上海 上海市嘉定区外冈镇宝钱公路5000弄58号202室-2,021-63758100-8802,未提供,NA,Shanghai,Shunqi
北京博创天恒整合营销顾问有限公司上海分公司,N/A,上海 上海市嘉定区马陆镇沪宜公路2585号－5151,(021),未提供,NA,Shanghai,Shunqi
上海宝原物业顾问有限公司陈翔路分公司,N/A,上海 上海市嘉定区南翔镇陈翔路1551号,021-60177888,未提供,NA,Shanghai,Shunqi
上海义舟公关顾问有限公司,N/A,上海 上海市嘉定工业区叶城路1630号3幢1293室,未提供,13918552549,NA,Shanghai,Shunqi
上海市嘉定区菊园新区顺升殡葬咨询服务部,N/A,上海 嘉定区菊园新区永靖路318号1层,(021),未提供,NA,Shanghai,Shunqi
上海澳麦投资咨询有限公司,N/A,上海 嘉定区马陆镇嘉戬公路688号m80,(021),未提供,NA,Shanghai,Shunqi
上海巍合毅房地产投资咨询有限公司,N/A,上海 嘉定区马陆镇沪宜公路2585号－0430,(021),未提供,NA,Shanghai,Shunqi
上海红鹤营销顾问有限公司,N/A,上海 上海市嘉定工业区叶城路925号B区4幢J1403室,021-61258630,未提供,NA,Shanghai,Shunqi
上海汇明投资管理咨询有限公司,N/A,上海 嘉定区马陆镇沪宜公路2585号－0672,(021),未提供,NA,Shanghai,Shunqi
上海汇明投资管理咨询有限公司,N/A,上海 嘉定区马陆镇沪宜公路2585号－0672,(021),未提供,NA,Shanghai,Shunqi
上海蓝色未来公关顾问股份有限公司,N/A,上海 上海市嘉定工业区叶城路1630号10幢2380室,010-65307290,未提供,NA,Shanghai,Shunqi
厚鼎投资咨询（上海）有限公司,N/A,上海 上海市嘉定区外冈镇北街25号8幢2157室,(021),未提供,NA,Shanghai,Shunqi
上海塔木德投资咨询有限公司,N/A,上海 嘉定区马陆镇沪宜公路2585号－2591,(021),未提供,NA,Shanghai,Shunqi
上海鑫创投资管理咨询有限公司,N/A,上海 嘉定区安亭镇米泉路111号3－0593室,未提供,18916079529,NA,Shanghai,Shunqi
上海鹏济工程管理咨询有限公司,N/A,上海 嘉定区黄渡镇博园路4800号A－5019室,(021),未提供,NA,Shanghai,Shunqi
上海复易企业管理顾问有限公司,N/A,上海 嘉定区马陆镇嘉戬公路688号L44,(021),未提供,NA,Shanghai,Shunqi
卓安基诺（上海）市场信息顾问有限公司,N/A,上海 嘉定区南翔镇嘉美路1988号6幢3135室,021-64209511,未提供,NA,Shanghai,Shunqi
北京睿智思通营销顾问有限公司上海分公司,N/A,上海 上海市嘉定工业区叶城路1630号5幢1125室,010-84409798,未提供,NA,Shanghai,Shunqi
上海锦圆宝投资咨询有限公司,N/A,上海 嘉定区黄渡镇绿苑路197号F138室,(021),未提供,NA,Shanghai,Shunqi
博曼（上海）品牌顾问有限公司,N/A,上海 上海市嘉定工业区叶城路925号B区4幢J897室,未提供,18611736608,NA,Shanghai,Shunqi
上海赢沃管理咨询有限公司,N/A,上海 嘉定区安亭镇园区路1168号4幢2813室,未提供,18930094981,NA,Shanghai,Shunqi
上海瀚能工程项目管理咨询有限公司,N/A,上海 上海市嘉定工业区叶城路925号B区4幢J807室,02162521502,未提供,NA,Shanghai,Shunqi
上海久畅投资咨询有限公司,N/A,上海 嘉定区马陆镇沪宜公路2585号－0800,(021),未提供,NA,Shanghai,Shunqi
上海万铭投资咨询有限公司,N/A,上海 嘉定区马陆镇石冈村298号101室,(021),未提供,NA,Shanghai,Shunqi
上海唐曲管理咨询有限公司,N/A,上海 嘉定区安亭镇嘉松北路3998号2幢221室,(021),未提供,NA,Shanghai,Shunqi
上海遐略投资咨询有限公司,N/A,上海 嘉定区马陆镇丰登路1028弄7号7101室,(021),未提供,NA,Shanghai,Shunqi
上海财涌财务咨询有限公司,N/A,上海 上海市嘉定区华亭镇华博路858号6幢4层422室,(021),未提供,NA,Shanghai,Shunqi
上海君纳企业管理顾问有限公司,N/A,上海 嘉定区马陆镇嘉戬支路217号1幢131室,未提供,13916322836,NA,Shanghai,Shunqi
我家有宝（上海）艺术品投资顾问有限公司,N/A,上海 上海市嘉定区江桥镇宝园五路458号1幢2层2259室,未提供,15000851095,NA,Shanghai,Shunqi
上海汉宇房地产顾问有限公司福海路分公司,N/A,上海 上海市嘉定工业区福海路32号,(021),未提供,NA,Shanghai,Shunqi
上海融瑞投资管理顾问有限公司,N/A,上海 嘉定区黄渡镇绿苑路197号E587室,(021),未提供,NA,Shanghai,Shunqi
上海震毅投资管理咨询有限公司,N/A,上海 嘉定区安亭镇墨玉路185号3022,(021),未提供,NA,Shanghai,Shunqi
上海沐谈公关顾问有限公司,N/A,上海 上海市嘉定区华亭镇浏翔公路6899号7号楼453室,未提供,13670646158,NA,Shanghai,Shunqi
上海信德房地产投资咨询有限公司,N/A,上海 嘉定区马陆镇沪宜公路2585号,(021),未提供,NA,Shanghai,Shunqi
太启（上海）管理咨询有限公司,N/A,上海 上海市嘉定区安亭镇墨玉路185号1层J1126室,(021),未提供,NA,Shanghai,Shunqi
上海驰易投资咨询有限公司,N/A,上海 嘉定区安亭镇园区路1218号2幢4232室,021-63456906,未提供,NA,Shanghai,Shunqi
上海普意投资咨询有限公司,N/A,上海 嘉定区安亭镇墨玉路185号2800,(021),未提供,NA,Shanghai,Shunqi
上海聚谐投资管理咨询有限公司,N/A,上海 上海市嘉定工业区洪德路1365号7幢1129室,(021),未提供,NA,Shanghai,Shunqi
上海雪娜财务咨询有限公司,N/A,上海 上海市嘉定工业区叶城路1818号2幢三层310室,未提供,18914064212,NA,Shanghai,Shunqi
上海衡益商务咨询服务部,N/A,上海 嘉定区南翔镇胜辛南路185号2幢3163室,(021),未提供,NA,Shanghai,Shunqi
上海泛启商务咨询服务部,N/A,上海 嘉定区南翔镇翔江公路1288号3幢405室,(021),未提供,NA,Shanghai,Shunqi
上海三强财务顾问事务所,N/A,上海 上海市嘉定工业区黎明村560号7幢119室,未提供,13817033527,NA,Shanghai,Shunqi
上海固工建筑工程顾问有限公司,N/A,上海 上海市嘉定工业区叶城路925号A区V486,未提供,15901600990,NA,Shanghai,Shunqi
上海全网纵横管理顾问合伙企业,N/A,上海 上海市嘉定区南翔镇惠申路420号2幢1138室,未提供,13564119862,NA,Shanghai,Shunqi
吉广公关顾问（上海）有限公司,N/A,上海 上海市嘉定工业区汇源路55号8幢3层A区3237室,未提供,15943052721,NA,Shanghai,Shunqi
芒果公关顾问（上海）有限公司,N/A,上海 上海市嘉定工业区叶城路1630号5幢3219室,未提供,13301099371,NA,Shanghai,Shunqi
道辉营销顾问（上海）有限公司,N/A,上海 上海市嘉定区安亭镇米泉路111号4－242,021-62531103,未提供,NA,Shanghai,Shunqi
上海管渠信息咨询服务有限公司,N/A,上海 上海市嘉定区南翔镇胜辛南路1000号2幢1072室,021-61074856,未提供,NA,Shanghai,Shunqi
上海涵悦财务咨询有限公司,N/A,上海 上海市嘉定区华亭镇浏翔公路6899号1幢J284室,未提供,13917689386,NA,Shanghai,Shunqi
上海爱萌公关顾问有限公司,N/A,上海 嘉定区南翔镇银裕路133号2幢1259室,未提供,13761623977,NA,Shanghai,Shunqi
上海玉桴投资顾问有限公司,N/A,上海 上海市嘉定区南翔镇蕰北公路1755弄5号3层B区3281室,02169123232,未提供,NA,Shanghai,Shunqi
品廊（上海）管理咨询有限公司,N/A,上海 上海市嘉定区菊园新区环城路2222号1幢J197室,021-63531239,未提供,NA,Shanghai,Shunqi
上海嘉巧商务咨询服务中心,N/A,上海 上海市嘉定区沪宜公路3638号2幢J1194室,未提供,13501777887,NA,Shanghai,Shunqi
上海帅途商务咨询服务中心,N/A,上海 上海市嘉定区嘉戬公路路328号7幢7层J1599室,未提供,13916911587,NA,Shanghai,Shunqi
上海芃蕤商务咨询服务中心,N/A,上海 上海市嘉定区嘉戬公路328号7幢7层J1598室,未提供,18918756023,NA,Shanghai,Shunqi
上海朝杰商务咨询服务中心,N/A,上海 上海市嘉定区沪宜公路3638号2幢J1195室,未提供,13501777887,NA,Shanghai,Shunqi
上海讯赞财务咨询有限公司,N/A,上海 上海市嘉定区嘉罗公路1661弄12号101室J837,未提供,13776222565,NA,Shanghai,Shunqi
上海翟霖商务咨询服务中心,N/A,上海 上海市嘉定区叶城路1288号6幢J1153室,021-59901131,未提供,NA,Shanghai,Shunqi
上海雷韵管理咨询有限公司,N/A,上海 嘉定区黄渡镇绿苑路197号F462室,(021),未提供,NA,Shanghai,Shunqi
德选财务咨询（上海）有限公司,N/A,上海 上海市嘉定区新成路500号J630室,(021),未提供,NA,Shanghai,Shunqi
上海淳盈投资咨询有限公司,N/A,上海 嘉定区黄渡镇绿苑路197号E542室,(021),未提供,NA,Shanghai,Shunqi
上海中家家电咨询服务有限公司,N/A,上海 上海市嘉定区南翔镇杨子路678号,(021),未提供,NA,Shanghai,Shunqi
上海纳福投资咨询有限公司,N/A,上海 嘉定区安亭镇墨玉路185号1300,(021),未提供,NA,Shanghai,Shunqi
上海绿艺化妆品咨询服务有限公司,N/A,上海 嘉定区江桥镇华江路958号,(021),未提供,NA,Shanghai,Shunqi
上海绍羿财务咨询有限公司,N/A,上海 嘉定区马陆镇沪宜公路2585号－2448,(021),未提供,NA,Shanghai,Shunqi
上海摩鼎投资咨询服务部,N/A,上海 嘉定区马陆镇丰登路1028弄7号409室,(021),未提供,NA,Shanghai,Shunqi
上海聚兴行商务管理咨询有限公司,N/A,上海 嘉定区马陆镇沪宜公路2585号二区十楼－B－6,(021),未提供,NA,Shanghai,Shunqi
上海北草地产投资咨询有限公司,N/A,上海 嘉定区南翔镇火车站路猗园新村46号,(021),未提供,NA,Shanghai,Shunqi
上海精经金投资咨询有限公司,N/A,上海 嘉定区江桥镇华江路20号A座225室,(021),未提供,NA,Shanghai,Shunqi
上海璀琦商务咨询服务部,N/A,上海 嘉定区马陆镇北管村思星路8号16幢4018室,(021),未提供,NA,Shanghai,Shunqi
上海英才咨询服务有限公司,N/A,上海 嘉定区安亭镇墨玉路185号,(021),未提供,NA,Shanghai,Shunqi
上海益恒投资管理咨询有限公司,N/A,上海 嘉定区马陆镇丰登路1028弄7号7216室,(021),未提供,NA,Shanghai,Shunqi
上海益恒投资管理咨询有限公司,N/A,上海 嘉定区马陆镇丰登路1028弄7号7216室,(021),未提供,NA,Shanghai,Shunqi
上海精耀投资咨询服务部,N/A,上海 嘉定区江桥镇华江路129弄7号楼1层1001室,(021),未提供,NA,Shanghai,Shunqi
上海囊萤映雪管理咨询有限公司,N/A,上海 嘉定区马陆镇沪宜公路2585号二区九楼－F－9,(021),未提供,NA,Shanghai,Shunqi
上海宜人投资咨询有限公司,N/A,上海 嘉定区南翔镇嘉好路1690号4幢402室,(021),未提供,NA,Shanghai,Shunqi
上海成佳投资管理咨询有限公司,N/A,上海 嘉定区马陆镇彭封路108号丙,(021),未提供,NA,Shanghai,Shunqi
上海史耳商务咨询服务有限公司,N/A,上海 嘉定区南翔镇蕰北公路1755弄15号425室,(021),未提供,NA,Shanghai,Shunqi
上海慕贤企业管理顾问有限公司,N/A,上海 嘉定区江桥镇华江路20号B座－201,(021),未提供,NA,Shanghai,Shunqi
上海得立劳务咨询服务部,N/A,上海 嘉定区华亭镇浏岛会议中心665室,(021),未提供,NA,Shanghai,Shunqi
上海基文管理咨询有限公司,N/A,上海 嘉定区马陆镇沪宜公路2585号－2270,(021),未提供,NA,Shanghai,Shunqi
上海瑞勋行投资咨询有限公司,N/A,上海 嘉定区黄渡镇方黄公路7735号H145室,(021),未提供,NA,Shanghai,Shunqi
上海沁凌旅游咨询服务有限公司,N/A,上海 嘉定区南翔镇静唐路99号3幢A0423室,(021),未提供,NA,Shanghai,Shunqi
上海浦保商务咨询服务有限公司,N/A,上海 上海市嘉定区马陆镇嘉戬公路688号,(021),未提供,NA,Shanghai,Shunqi
上海柯如投资咨询有限公司,N/A,上海 上海市嘉定区南翔镇丰北路8号第1幢301室,(021),未提供,NA,Shanghai,Shunqi
上海妙观投资管理咨询有限公司,N/A,上海 嘉定区马陆镇北管村思星路8号14幢218室,(021),未提供,NA,Shanghai,Shunqi
沪传公关顾问（上海）有限公司,N/A,上海 上海市嘉定工业区叶城路925号B区4幢J2038室,(021),未提供,NA,Shanghai,Shunqi
上海帝开餐饮管理咨询有限公司,N/A,上海 上海市嘉定区马陆镇陆家村陆沈路152号1幢103室,(021),未提供,NA,Shanghai,Shunqi
上海鼎邦企业管理顾问有限公司,N/A,上海 嘉定区马陆镇沪宜公路2585号－2385,(021),未提供,NA,Shanghai,Shunqi
上海来同管理咨询有限公司,N/A,上海 嘉定区南翔镇蕰北公路1755弄3号3125室,(021),未提供,NA,Shanghai,Shunqi
上海嘉乾旅游咨询服务有限公司,N/A,上海 嘉定区黄渡镇方黄公路7735号,(021),未提供,NA,Shanghai,Shunqi
上海衍润人才中介咨询服务有限公司,N/A,上海 嘉定区安亭镇泰富路309号,(021),未提供,NA,Shanghai,Shunqi
上海三苏商务咨询服务有限公司,N/A,上海 嘉定区嘉定镇西官路28号1幢208室,(021),未提供,NA,Shanghai,Shunqi
上海善均投资咨询有限公司,N/A,上海 嘉定区外冈镇长泾村108号105室,(021),未提供,NA,Shanghai,Shunqi
上海诗梵信息咨询服务有限公司,N/A,上海 嘉定区马陆镇沪宜公路2585号－2130,(021),未提供,NA,Shanghai,Shunqi
上海恒致投资咨询服务部,N/A,上海 嘉定区马陆镇丰登路1028弄6号207室,(021),未提供,NA,Shanghai,Shunqi
上海良洲商务咨询服务有限公司,N/A,上海 上海市嘉定区安亭镇墨玉路18号－3楼－166,(021),未提供,NA,Shanghai,Shunqi
上海斯美科技咨询服务有限公司,N/A,上海 嘉定区南翔镇蓝天路 - ,(021),未提供,NA,Shanghai,Shunqi
上海路门管理咨询有限公司,N/A,上海 嘉定区安亭镇米泉路111号3－0753室,(021),未提供,NA,Shanghai,Shunqi
上海大安咨询服务有限公司,N/A,上海 上海市嘉定区安亭镇墨玉路185号,(021),未提供,NA,Shanghai,Shunqi
上海富茂财务咨询有限公司,N/A,上海 嘉定区马陆镇沪宜公路2585号－1655,(021),未提供,NA,Shanghai,Shunqi
上海索尔奥商务咨询服务有限公司,N/A,上海 嘉定区马陆镇沪宜公路2585号二区九楼－F－2,(021),未提供,NA,Shanghai,Shunqi
瑞力物业顾问（上海）有限公司,N/A,上海 嘉定区南翔镇胜辛南路185号2幢3096室,(021),未提供,NA,Shanghai,Shunqi
上海内威教学管理咨询有限公司,N/A,上海 上海市嘉定区马陆镇嘉戬公路688号B2－106,(021),未提供,NA,Shanghai,Shunqi
上海卡瓦利商务管理咨询有限公司,N/A,上海 嘉定区马陆镇嘉戬公路688号B15－32,(021),未提供,NA,Shanghai,Shunqi
上海耀马劳务咨询服务有限公司,N/A,上海 嘉定区马陆镇沪宜公路2585号－1777,(021),未提供,NA,Shanghai,Shunqi
上海荷昆企业管理顾问有限公司,N/A,上海 上海市嘉定区菊园新区环城路2222号1幢J1013室,(021),未提供,NA,Shanghai,Shunqi
上海棹杰工程顾问有限公司,N/A,上海 嘉定区南翔镇嘉美路1988号5幢3055室,(021),未提供,NA,Shanghai,Shunqi
上海创志咨询服务有限公司,N/A,上海 嘉定区安亭镇墨玉路185号,(021),未提供,NA,Shanghai,Shunqi
上海创志咨询服务有限公司,N/A,上海 嘉定区安亭镇墨玉路185号,(021),未提供,NA,Shanghai,Shunqi
上海匠厚投资咨询有限公司,N/A,上海 上海市嘉定工业区富蕴路248号106室,(021),未提供,NA,Shanghai,Shunqi
上海汉诺置业投资咨询有限公司,N/A,上海 嘉定区马陆镇沪宜公路2585号二区七楼－B－10,(021),未提供,NA,Shanghai,Shunqi
上海谷纳商务咨询服务部,N/A,上海 嘉定区华亭镇浏岛会议中心903室,(021),未提供,NA,Shanghai,Shunqi
上海迈极投资咨询服务社,N/A,上海 上海市嘉定区菊园新区昌徐路88号1幢2131室,(021),未提供,NA,Shanghai,Shunqi
上海蜀杰投资管理咨询有限公司,N/A,上海 上海市嘉定区马陆镇嘉戬公路688号B3－22,(021),未提供,NA,Shanghai,Shunqi
上海润盈投资咨询有限公司,N/A,上海 嘉定区黄渡镇方黄公路7735号I508室,(021),未提供,NA,Shanghai,Shunqi
上海智申企业管理顾问有限公司,N/A,上海 嘉定区马陆镇宝安公路3705弄1号295幢401C室,(021),未提供,NA,Shanghai,Shunqi
上海智申企业管理顾问有限公司,N/A,上海 嘉定区马陆镇宝安公路3705弄1号295幢401C室,(021),未提供,NA,Shanghai,Shunqi
上海蓝桑信息咨询服务有限公司,N/A,上海 嘉定区安亭镇墨玉路185号1268,(021),未提供,NA,Shanghai,Shunqi
上海优亭汽车咨询服务有限公司,N/A,上海 嘉定区嘉定镇塔城路800弄117－118号,(021),未提供,NA,Shanghai,Shunqi
上海雅石商务咨询服务部,N/A,上海 嘉定区南翔镇科盛路515号7幢5012室,(021),未提供,NA,Shanghai,Shunqi
上海俩兆投资管理咨询有限公司,N/A,上海 嘉定区安亭镇墨玉路185号1791,(021),未提供,NA,Shanghai,Shunqi
上海宝泉投资管理咨询有限公司,N/A,上海 嘉定区安亭镇墨玉路185号580,(021),未提供,NA,Shanghai,Shunqi
上海宝泉投资管理咨询有限公司,N/A,上海 嘉定区安亭镇墨玉路185号580,(021),未提供,NA,Shanghai,Shunqi
上海誉港投资管理咨询事务所,N/A,上海 嘉定区南翔镇翔江公路1222号423室,(021),未提供,NA,Shanghai,Shunqi
上海祁善投资管理咨询有限公司,N/A,上海 上海嘉定南翔镇嘉好路799号,(021),未提供,NA,Shanghai,Shunqi
上海鹤华房地产投资咨询有限公司,N/A,上海 嘉定区马陆镇沪宜公路2585号,(021),未提供,NA,Shanghai,Shunqi
上海青又青投资管理咨询有限公司,N/A,上海 嘉定区马陆镇沪宜公路2585号－2048,(021),未提供,NA,Shanghai,Shunqi
上海医搏健康咨询服务有限公司,N/A,上海 嘉定区黄渡镇方黄公路7735号H319室,(021),未提供,NA,Shanghai,Shunqi
上海医泰健康咨询服务有限公司,N/A,上海 嘉定区黄渡镇绿苑路197号D03室,(021),未提供,NA,Shanghai,Shunqi
上海帏祺投资咨询有限公司,N/A,上海 嘉定区马陆镇沪宜公路2585号－1726,(021),未提供,NA,Shanghai,Shunqi
北京北清仁德管理咨询有限公司上海分公司,N/A,上海 嘉定区南翔镇嘉美路1988号2幢2012室,(021),未提供,NA,Shanghai,Shunqi
苏州自立工程顾问有限公司上海办事处,N/A,上海 上海市嘉定区马陆镇印村村,(021),未提供,NA,Shanghai,Shunqi
上海姜尚企业管理顾问有限公司,N/A,上海 嘉定区马陆镇沪宜公路2585号－1710,(021),未提供,NA,Shanghai,Shunqi
上海实昊商务咨询服务部,N/A,上海 上海市嘉定区封周路655号14幢201室J2656,(021),未提供,NA,Shanghai,Shunqi
上海馨之居商务咨询服务合伙企业(有限合伙),N/A,上海 上海市嘉定区沪宜公路1185号1幢1层J2083室,(021),未提供,NA,Shanghai,Shunqi
上海庸朴企业管理咨询有限公司,N/A,上海 上海市嘉定区新成路500号J1962室,(021),未提供,NA,Shanghai,Shunqi
上海胤宝企业管理咨询事务所,N/A,上海 上海市嘉定区沪宜公路5358号3层J950室,(021),未提供,NA,Shanghai,Shunqi
上海雍博企业管理咨询合伙企业(有限合伙),N/A,上海 上海市嘉定区沪宜公路5358号3层J941室,(021),未提供,NA,Shanghai,Shunqi
上海殷旺商务咨询服务中心,N/A,上海 上海市嘉定区嘉戬公路328号7幢7层J3227室,(021),未提供,NA,Shanghai,Shunqi
上海泖平企业管理咨询合伙企业(有限合伙),N/A,上海 上海市嘉定区真南路4268号2幢J7407室,(021),未提供,NA,Shanghai,Shunqi
上海霖萍企业管理咨询有限公司,N/A,上海 上海市嘉定区封周路655号14幢201室J4102,(021),未提供,NA,Shanghai,Shunqi
上海真息企业管理咨询合伙企业(有限合伙),N/A,上海 上海市嘉定区真新街道金沙江路3131号5幢J1140室,(021),未提供,NA,Shanghai,Shunqi
上海歆曜商务咨询服务中心,N/A,上海 上海市嘉定区嘉定镇博乐路70号36幢4层J394室,(021),未提供,NA,Shanghai,Shunqi
上海冉驰企业管理咨询合伙企业(有限合伙),N/A,上海 上海市嘉定区华江公路129弄6号J2167室,(021),未提供,NA,Shanghai,Shunqi
上海嘉兑企业管理咨询有限公司,N/A,上海 上海市嘉定区南翔镇静塘路988号2幢J787室,(021),未提供,NA,Shanghai,Shunqi
上海思远行方企业管理咨询合伙企业(有限合伙),N/A,上海 上海市嘉定区真新街道金沙江路3131号5幢J1138室,(021),未提供,NA,Shanghai,Shunqi
上海秀之华企业管理咨询有限公司,N/A,上海 上海市嘉定区真南路4268号2幢J7478室,(021),未提供,NA,Shanghai,Shunqi
上海誉丞企业管理咨询有限公司,N/A,上海 上海市嘉定区科福路358_368号4幢1层E区J4023室,(021),未提供,NA,Shanghai,Shunqi
上海乙太企业管理咨询事务所,N/A,上海 上海市嘉定区沪宜公路5358号3层J943室,(021),未提供,NA,Shanghai,Shunqi
上海君贝财务咨询中心,N/A,上海 上海市嘉定区安亭镇墨玉南路1018号103室J212,(021),未提供,NA,Shanghai,Shunqi
上海楔赋商务咨询服务合伙企业(有限合伙),N/A,上海 上海市嘉定区沪宜公路1185号1幢1层J2208室,(021),未提供,NA,Shanghai,Shunqi
上海艺廉财务咨询有限公司,N/A,上海 上海市嘉定区宝安公路4229号4层J910室,(021),未提供,NA,Shanghai,Shunqi
咏祁企业管理咨询(上海)工作室,N/A,上海 上海市嘉定区真新街道金沙江路3131号2幢J1605室,(021),未提供,NA,Shanghai,Shunqi
上海帝厚企业管理咨询中心,N/A,上海 上海市嘉定区新成路500号J2160室,(021),未提供,NA,Shanghai,Shunqi
懿铭(上海)企业管理咨询有限公司,N/A,上海 上海市嘉定区众仁路399号1幢12层B区J3322室,(021),未提供,NA,Shanghai,Shunqi
上海晴雪企业管理咨询有限公司,N/A,上海 上海市嘉定区真南路4268号2幢J,(021),未提供,NA,Shanghai,Shunqi
上海蛟扬企业管理咨询有限公司,N/A,上海 上海市嘉定区真南路4268号2幢J7644室,(021),未提供,NA,Shanghai,Shunqi
上海翌嘉商务咨询服务中心,N/A,上海 上海市嘉定区封周路655号14幢201室J4409,(021),未提供,NA,Shanghai,Shunqi
上海势必达财务咨询集团有限公司,N/A,上海 上海市嘉定区真新街道金沙江路3131号2幢J1603室,(021),未提供,NA,Shanghai,Shunqi
上海晓萱企业管理咨询有限公司,N/A,上海 上海市嘉定区华江公路129弄6号J,(021),未提供,NA,Shanghai,Shunqi
上海哈睿信息咨询服务中心,N/A,上海 上海市嘉定区封周路655号14幢201室J3810,(021),未提供,NA,Shanghai,Shunqi
上海迅电企业管理咨询中心,N/A,上海 上海市嘉定区菊园新区环城路2222号1幢J3464室,(021),未提供,NA,Shanghai,Shunqi
上海徵悠管理咨询合伙企业(有限合伙),N/A,上海 上海市嘉定区嘉行公路3188号8幢J827室,(021),未提供,NA,Shanghai,Shunqi
上海协瑁企业管理咨询服务中心,N/A,上海 上海市嘉定区曹安路4671号25幢J874室,(021),未提供,NA,Shanghai,Shunqi
友上企业管理咨询(上海)有限公司,N/A,上海 上海市嘉定区新成路500号J,(021),未提供,NA,Shanghai,Shunqi
上海禧乐达商务咨询服务中心,N/A,上海 上海市嘉定区菊园新区环城路2222号6幢101室J1289,(021),未提供,NA,Shanghai,Shunqi
上海亿定商务咨询服务中心,N/A,上海 上海市嘉定区菊园新区环城路2222号6幢101室J1301,(021),未提供,NA,Shanghai,Shunqi
上海乐楠企业管理咨询中心,N/A,上海 上海市嘉定区沪宜公路5358号1层J1764室,(021),未提供,NA,Shanghai,Shunqi
上海玫华财务咨询服务中心,N/A,上海 上海市嘉定区安亭镇墨玉路185号1层J2092室,(021),未提供,NA,Shanghai,Shunqi
上海桀硕财务咨询服务中心,N/A,上海 上海市嘉定区菊园新区环城路2222号6幢101室J1300,(021),未提供,NA,Shanghai,Shunqi
从知管理咨询(上海)工作室,N/A,上海 上海市嘉定区封周路655号14幢201室J4477,(021),未提供,NA,Shanghai,Shunqi
上海印梓企业管理咨询服务中心,N/A,上海 上海市嘉定区江桥镇沙河路337号1_203室J1808,(021),未提供,NA,Shanghai,Shunqi
上海迈者企业管理咨询有限公司,N/A,上海 上海市嘉定区澄浏公路52号39幢2楼J,(021),未提供,NA,Shanghai,Shunqi
叠运国际贸易（上海）有限公司,N/A,上海 青浦区公园路99号舜浦大厦二层H区269室,13918462735,15021211452,NA,Shanghai,Shunqi
上海中城泓盛置业投资发展股份有限公司,N/A,上海 上海市嘉定区安亭镇嘉松北路6988号206室,(021),13888735222,NA,Shanghai,Shunqi
赛趣投资管理（上海）有限公司,N/A,上海 上海市嘉定工业区永盛路2229号2幢3层306室,(021),13910990200,NA,Shanghai,Shunqi
雅和国际会展有限公司,N/A,上海 上海市嘉定区安亭镇墨玉南路888号2201 J165室,(021),18934593151,NA,Shanghai,Shunqi
上海祥鸿会展服务有限公司,N/A,上海 上海市嘉定工业区叶城路925号B区4幢J1223室,未提供,13611616302,NA,Shanghai,Shunqi
上海明安展览展示有限公司,N/A,上海 上海市嘉定区菊园新区平城路811号1279室,未提供,13661990849,NA,Shanghai,Shunqi
龙哲投资管理（上海）有限公司,N/A,上海 上海市嘉定区安亭镇工业园区园大路2号,021-69573678,未提供,NA,Shanghai,Shunqi
上海锐同展览展示有限公司,N/A,上海 上海市嘉定区南翔镇嘉好路800号6幢1层B区1054室,未提供,13512110978,NA,Shanghai,Shunqi
光洋（上海）展览服务有限公司,N/A,上海 嘉定区菊园新区菊城路28号2幢2043室,未提供,13816999622,NA,Shanghai,Shunqi
上海贸旭展览服务有限公司,N/A,上海 上海市嘉定工业区叶城路925号B区4幢J1117室,未提供,18701832509,NA,Shanghai,Shunqi
上海垂科展览服务有限公司,N/A,上海 上海市嘉定区菊园新区环城路2222号1幢J229室,未提供,13311659672,NA,Shanghai,Shunqi
上海奥德路志祥股权投资合伙企业,N/A,上海 上海市嘉定区安亭镇墨玉路888号903室,未提供,13764076018,NA,Shanghai,Shunqi
上海盛相展览服务有限公司,N/A,上海 上海市嘉定区安亭镇曹安公路4811号1层J107室,021-59104579,未提供,NA,Shanghai,Shunqi
仁一股权投资基金管理（上海）有限公司,N/A,上海 上海市嘉定区南翔镇惠申路420号2幢1298室,未提供,15026614847,NA,Shanghai,Shunqi
上海诗宏展览道具制作有限公司,N/A,上海 嘉定区江桥镇浦环路19号3幢,021-33512077,未提供,NA,Shanghai,Shunqi
上海峰瑞投资中心,N/A,上海 上海市嘉定区南翔镇银翔路515号1035室,010-85315180,未提供,NA,Shanghai,Shunqi
佳欣展览（上海）有限公司,N/A,上海 上海市嘉定区安亭镇嘉松北路3998号4幢2层212室,021-59575011,未提供,NA,Shanghai,Shunqi
上海亚晶投资有限公司,N/A,上海 嘉定区南翔镇惠裕路555号1幢294室,未提供,13761508303,NA,Shanghai,Shunqi
上海鲁工展览展示服务有限公司,N/A,上海 上海市嘉定工业区叶城路925号B区4幢J1967室,未提供,18016397766,NA,Shanghai,Shunqi
昊余（上海）股权投资管理有限公司,N/A,上海 上海市嘉定区外冈镇沪宜公路5358号1层1143室,未提供,13918736028,NA,Shanghai,Shunqi
上海尚谐展览展示服务有限公司,N/A,上海 嘉定区南翔镇纬五路18号2幢210室,未提供,13391111885,NA,Shanghai,Shunqi
上海汉王歌石股权投资基金合伙企业,N/A,上海 上海市嘉定区安亭镇墨玉南路888号1204室,010-63703935,未提供,NA,Shanghai,Shunqi
辉衡（上海）股权投资管理有限公司,N/A,上海 上海市嘉定区嘉定镇博乐路70号36幢4112室,021-53086028,未提供,NA,Shanghai,Shunqi
上海铭钦展览展示道具装潢有限公司,N/A,上海 上海市嘉定区华亭镇沪华中路989号12幢,021-59550353,未提供,NA,Shanghai,Shunqi
汉丁汉展览展示（上海）有限公司,N/A,上海 上海市嘉定区南翔镇惠申路420号3幢1143室,021-69927036,未提供,NA,Shanghai,Shunqi
上海承炫会展服务有限公司,N/A,上海 上海市嘉定区新成路500号J1098室,未提供,13916892895,NA,Shanghai,Shunqi
边星投资（上海）有限公司,N/A,上海 上海市嘉定区安亭镇曹安公路5128号1幢1层1146室,未提供,17898805179,NA,Shanghai,Shunqi
上海煜思展览展示服务有限公司,N/A,上海 上海市嘉定区菊园新区树屏路588弄41号4019室,未提供,13818287531,NA,Shanghai,Shunqi
上海宇志展览展示服务有限公司,N/A,上海 嘉定区南翔镇蕰北公路1755弄3号210室,未提供,13761962234,NA,Shanghai,Shunqi
上海真艺展览服务有限公司,N/A,上海 嘉定区南翔镇嘉美路1988号5幢3131室,未提供,13817335590,NA,Shanghai,Shunqi
上海漪笙会展有限公司,N/A,上海 嘉定区南翔镇嘉美路1988号6幢2157室,未提供,13611780985,NA,Shanghai,Shunqi
上海挚信新经济一期股权投资合伙企业,N/A,上海 上海市嘉定区马陆镇封周路655号7005室,021-50106162,未提供,NA,Shanghai,Shunqi
上海文徽展览展示服务有限公司,N/A,上海 上海市嘉定工业区叶城路912号J1243室,未提供,18501617040,NA,Shanghai,Shunqi
精曲展览展示（上海）有限公司,N/A,上海 上海市嘉定区南翔镇惠申路420号2幢1219室,021-59176017,未提供,NA,Shanghai,Shunqi
祎龙展览服务（上海）有限公司,N/A,上海 上海市嘉定区菊园新区平城路811号1607室,021-32232028,未提供,NA,Shanghai,Shunqi
上海缘际投资管理有限公司,N/A,上海 上海市嘉定区南翔镇嘉好路1690号5幢5039室,未提供,13651658687,NA,Shanghai,Shunqi
上海金融发展浦江投资基金,N/A,上海 上海市嘉定区安亭镇墨玉南路888号1208室,021-20329300,未提供,NA,Shanghai,Shunqi
上海一而展览展示有限公司,N/A,上海 上海市嘉定区菊园新区平城路811号1290室,未提供,13918198065,NA,Shanghai,Shunqi
上海驭胜会务会展服务有限公司,N/A,上海 上海市嘉定区新成路500号J401室,未提供,13601606107,NA,Shanghai,Shunqi
宽毅(上海)股权投资基金管理有限公司,N/A,上海 上海市嘉定区南翔镇银翔路1037号8层802室,021-62889336,未提供,NA,Shanghai,Shunqi
大农股权投资基金管理（上海）有限公司,N/A,上海 上海市嘉定区安亭镇墨玉路185号1幢1408室,未提供,15380085981,NA,Shanghai,Shunqi
澳特沙隆（上海）会展服务有限公司,N/A,上海 嘉定区安亭镇黄渡博园路4800号C-5020室,021-59502697,未提供,NA,Shanghai,Shunqi
上海冠品展览服务有限公司,N/A,上海 上海市嘉定工业区叶城路925号A区T358,未提供,13818851258,NA,Shanghai,Shunqi
华夏双大（上海）股权投资基金管理有限公司,N/A,上海 上海市嘉定区南翔镇嘉美路1988号9幢497室,未提供,18612321131,NA,Shanghai,Shunqi
上海留越会展服务有限公司,N/A,上海 上海市嘉定区安亭镇墨玉路185号1层J75室,021-61114906,未提供,NA,Shanghai,Shunqi
上海闻道展览展示服务有限公司,N/A,上海 嘉定区南翔镇蕰北公路1755弄3号3293室,未提供,13371953141,NA,Shanghai,Shunqi
上海国承创业投资有限公司,N/A,上海 嘉定区江桥镇浦环路429号,未提供,13901753399,NA,Shanghai,Shunqi
上海健遨投资管理有限公司,N/A,上海 上海市嘉定区外冈镇嘉松北路28号303室,021-59587345,未提供,NA,Shanghai,Shunqi
上海库巴客展览展示有限公司,N/A,上海 嘉定区南翔镇德力西路199号3幢1楼A区,未提供,13564420688,NA,Shanghai,Shunqi
英豪展览展示服务（上海）有限公司,N/A,上海 上海市嘉定区菊园新区昌徐路88号2幢3365室,021-31257101,未提供,NA,Shanghai,Shunqi
上海邺闻展览服务有限公司,N/A,上海 上海市嘉定工业区叶城路925号B区4幢J1569室,未提供,15800330618,NA,Shanghai,Shunqi
上海敬闻展览展示有限公司,N/A,上海 上海市嘉定区南翔镇美裕路600号3幢J875室,021-69927096,未提供,NA,Shanghai,Shunqi
上海阳洎展览展示服务有限公司,N/A,上海 上海市嘉定区菊园新区平城路811号12125室,未提供,13248015705,NA,Shanghai,Shunqi
丰懿股权投资基金管理（上海）有限公司,N/A,上海 上海市嘉定区南翔镇德力西路88号1幢A区086室,未提供,13777272259,NA,Shanghai,Shunqi
上海致美展览展示服务有限公司,N/A,上海 嘉定区南翔镇蕰北公路1755弄2号442室,021-52960802,未提供,NA,Shanghai,Shunqi
友屋（上海）展览器材有限公司,N/A,上海 上海市嘉定区外冈镇汇仁路1500号2幢B楼G区,021-51652331,未提供,NA,Shanghai,Shunqi
上海彤道会展有限公司,N/A,上海 上海市嘉定区南翔镇蕰北公路1755弄22号3层A3120室,021-64550497,未提供,NA,Shanghai,Shunqi
上海沃海世投展览有限公司,N/A,上海 上海市嘉定工业区叶城路912号J755室,未提供,18621906195,NA,Shanghai,Shunqi
上海新方成会展有限公司,N/A,上海 上海市嘉定区安亭镇墨玉南路888号2201 J85室,未提供,18616659200,NA,Shanghai,Shunqi
凤麟展览（上海）有限公司,N/A,上海 上海市嘉定区江桥镇华江路129弄7号J153室,未提供,18201867879,NA,Shanghai,Shunqi
上海沪靖展览展示有限公司,N/A,上海 嘉定区南翔镇和裕路115号3幢302室,021-60483066,未提供,NA,Shanghai,Shunqi
添溢股权投资基金管理（上海）有限公司,N/A,上海 上海市嘉定区新成路街道博乐南路158号1202室,未提供,18918270600,NA,Shanghai,Shunqi
上海京蜀股权投资基金合伙企业,N/A,上海 上海市嘉定区安亭镇墨玉南路888号1106室,未提供,15000093185,NA,Shanghai,Shunqi
上海箭征乘悦股权投资基金管理合伙企业,N/A,上海 上海市嘉定区南翔镇科福路358_368号4幢3层D区3018室,未提供,15900711220,NA,Shanghai,Shunqi
上海富洪股权投资基金合伙企业,N/A,上海 上海市嘉定区南翔镇科福路358_368号4幢1层B区1143室,未提供,15821125178,NA,Shanghai,Shunqi
中青旅（上海）国际会议展览有限公司,N/A,上海 嘉定区安亭镇曹安公路5666号404室-2,021-60877588,未提供,NA,Shanghai,Shunqi
联博（上海）国际会议展览有限公司,N/A,上海 上海市嘉定区安亭镇曹安公路5666号304室-2,021-61295188,未提供,NA,Shanghai,Shunqi
上海汇一聚赢投资管理有限公司,N/A,上海 上海市嘉定区菊园新区平城路811号6025室,未提供,18721199903,NA,Shanghai,Shunqi
上海东洋投资管理有限公司,N/A,上海 上海市嘉定区南翔镇德力西路88号2幢A区356室,未提供,13761795008,NA,Shanghai,Shunqi
上海宝森展览展示有限公司,N/A,上海 上海市嘉定区徐行镇武乡路78号1幢A区,021-59558115,未提供,NA,Shanghai,Shunqi
上海研宇展览设计有限公司,N/A,上海 上海市嘉定区安亭镇曹安公路5128号1幢2层2050室,未提供,18964104660,NA,Shanghai,Shunqi
上海佳珍展览展示服务有限公司,N/A,上海 上海市嘉定区南翔镇德力西路88号2幢A区2013室,021-31117549,未提供,NA,Shanghai,Shunqi
上海煜鹏投资管理有限公司,N/A,上海 上海市嘉定区外冈镇西冈身路168号5幢4145室,未提供,13564944498,NA,Shanghai,Shunqi
北京汉风阁广告展览制品有限公司上海分公司,N/A,上海 嘉定区南翔镇嘉美路1988号6幢3089室,021-56986605,未提供,NA,Shanghai,Shunqi
上海卡萨展览服务有限公司,N/A,上海 嘉定区南翔镇蕰北公路1755弄3号A3228室,021-69891022,未提供,NA,Shanghai,Shunqi
上海瑾畅会展服务有限公司,N/A,上海 上海市嘉定区南翔镇德力西路88号2幢A区1700室,未提供,13818634045,NA,Shanghai,Shunqi
上海宇泽会展服务有限公司,N/A,上海 嘉定区南翔镇静唐路277号2幢121室,未提供,18116191651,NA,Shanghai,Shunqi
上海励途展览服务有限公司,N/A,上海 上海市嘉定区菊园新区环城路2222号1幢J314室,未提供,13916663422,NA,Shanghai,Shunqi
上海御富股权投资基金管理有限公司,N/A,上海 上海市嘉定区南翔镇嘉美路1988号9幢499室,021-53216816,未提供,NA,Shanghai,Shunqi
上海蜗居股权投资基金管理有限公司,N/A,上海 上海市嘉定区菊园新区平城路789号1幢308室,未提供,18616811108,NA,Shanghai,Shunqi
上海旭创展览用品服务有限公司,N/A,上海 上海市嘉定区马陆镇希望路255号,未提供,18930386075,NA,Shanghai,Shunqi
上海木居投资有限公司,N/A,上海 上海市嘉定区南翔镇科福路358_368号4幢1层B区1139室,021-61672969,未提供,NA,Shanghai,Shunqi
上海恒艺展览服务有限公司,N/A,上海 嘉定区江桥镇封杨路1538号3幢201室,未提供,13916029165,NA,Shanghai,Shunqi
上海兆勤投资管理有限公司,N/A,上海 上海市嘉定区菊园新区平城路811号1434室,未提供,18817574407,NA,Shanghai,Shunqi
上海星上会务会展有限公司,N/A,上海 上海市嘉定区安亭镇墨玉路185号J87室,021-62315999,未提供,NA,Shanghai,Shunqi
上海展奕会展服务有限公司,N/A,上海 上海市嘉定区嘉定镇清河路488号302室,未提供,13801768093,NA,Shanghai,Shunqi
上海卓威展览服务有限公司,N/A,上海 嘉定区江桥镇通站路751号第三幢101室,未提供,13916863352,NA,Shanghai,Shunqi
上海京颐股权投资基金管理有限公司,N/A,上海 上海市嘉定区嘉定镇博乐路70号36幢1119室,未提供,18516652620,NA,Shanghai,Shunqi
上海景壹商务会展有限公司,N/A,上海 上海市嘉定区安亭镇墨玉路185号1层J562室,未提供,13818971381,NA,Shanghai,Shunqi
上海励顺会展服务有限公司,N/A,上海 上海市嘉定区菊园新区树屏路588弄51号3027室,未提供,13942094791,NA,Shanghai,Shunqi
上海尚房投资管理有限公司,N/A,上海 嘉定区江桥镇江翔路365号1幢2层225室,未提供,15827265541,NA,Shanghai,Shunqi
上海子午线会展服务有限公司第一分公司,N/A,上海 嘉定区徐行镇沪太路7488弄118号,021-39972813,未提供,NA,Shanghai,Shunqi
佳颐（上海）会展服务有限公司,N/A,上海 嘉定区马陆镇丰登路615弄2号2382室,未提供,13052459660,NA,Shanghai,Shunqi
上海烨燊展览展示道具有限公司,N/A,上海 嘉定区南翔镇蕰北公路1755弄25号4107室,未提供,13761896905,NA,Shanghai,Shunqi
上海灏谊投资管理有限公司,N/A,上海 嘉定区南翔镇嘉好路1690号2幢622室,021-52721883,未提供,NA,Shanghai,Shunqi
上海榕恺会务会展有限公司,N/A,上海 上海市嘉定区菊园新区昌徐路88号2幢2330室,未提供,13601631217,NA,Shanghai,Shunqi
上海金浦创新消费股权投资基金,N/A,上海 上海市嘉定区安亭镇曹安公路5128号1幢2层2008室,021-20329333,未提供,NA,Shanghai,Shunqi
上海旒领投资管理有限公司,N/A,上海 嘉定区南翔镇蕰北公路1755弄15号2195室,021-52908507,未提供,NA,Shanghai,Shunqi
上海启帮展览展示服务有限公司,N/A,上海 嘉定区南翔镇蕰北公路1755弄33号326室,未提供,18017456817,NA,Shanghai,Shunqi
上海名卓会展有限公司,N/A,上海 嘉定区安亭镇嘉松北路3998号4幢2层242室,未提供,13681705879,NA,Shanghai,Shunqi
上海彼阳展览展示服务有限公司,N/A,上海 嘉定区马陆镇沪宜公路2585号－2870,(021),未提供,NA,Shanghai,Shunqi
上海莫恩展览服务有限公司,N/A,上海 上海市嘉定区安亭镇安智路78号1196室,(021),未提供,NA,Shanghai,Shunqi
上海艺马展览服务有限公司,N/A,上海 嘉定区南翔镇德力西路268号2幢401室,(021),未提供,NA,Shanghai,Shunqi
上海硕雅投资管理有限公司,N/A,上海 嘉定区马陆镇沪宜公路2585号－5245,(021),未提供,NA,Shanghai,Shunqi
上海展杨会展服务有限公司,N/A,上海 嘉定区安亭镇方德路251弄52号201室,(021),未提供,NA,Shanghai,Shunqi
上海鼎胜展览服务有限公司,N/A,上海 嘉定区黄渡镇绿苑路197号E252室,(021),未提供,NA,Shanghai,Shunqi
上海铸成展览服务有限公司,N/A,上海 嘉定区黄渡镇绿苑路197号D101室,(021),未提供,NA,Shanghai,Shunqi
上海红扬会务展览有限公司,N/A,上海 嘉定区南翔镇杨子路678号,(021),未提供,NA,Shanghai,Shunqi
上海优尔会展服务有限公司,N/A,上海 嘉定区马陆镇沪宜公路2585号－4657,(021),未提供,NA,Shanghai,Shunqi
上海顺维展览服务有限公司,N/A,上海 嘉定区马陆镇沪宜公路2585号－0196,(021),未提供,NA,Shanghai,Shunqi
上海瑞能展览服务有限公司,N/A,上海 嘉定区黄渡镇方黄公路7735号G304室,(021),未提供,NA,Shanghai,Shunqi
上海乾宏展览展示服务有限公司,N/A,上海 上海市嘉定区南翔镇德力西路88号2幢A区1273室,(021),未提供,NA,Shanghai,Shunqi
上海吉飞展览咨询有限公司,N/A,上海 嘉定区黄渡镇方黄公路7735号I178室,(021),未提供,NA,Shanghai,Shunqi
上海乾圩展览展示有限公司,N/A,上海 上海市嘉定区菊园新区环城路2222号1幢J1672室,(021),未提供,NA,Shanghai,Shunqi
上海威沪会展服务有限公司,N/A,上海 嘉定区马陆镇沪宜公路2585号－2282,(021),未提供,NA,Shanghai,Shunqi
上海阳刚会展服务有限公司,N/A,上海 上海嘉定区马陆镇沪宜公路2585号－4518,(021),未提供,NA,Shanghai,Shunqi
上海盈邦投资管理有限公司,N/A,上海 嘉定区马陆镇沪宜公路2585号,(021),未提供,NA,Shanghai,Shunqi
上海港际会展展览服务有限公司,N/A,上海 嘉定区马陆镇沪宜公路2585号－2722,(021),未提供,NA,Shanghai,Shunqi
上海达观展览展示服务有限公司,N/A,上海 上海市嘉定区马陆镇嘉戬公路688号B6－102,(021),未提供,NA,Shanghai,Shunqi
上海亚申投资管理有限公司,N/A,上海 嘉定区马陆镇沪宜公路2585号－5064,(021),未提供,NA,Shanghai,Shunqi
上海港基展览展示有限公司,N/A,上海 上海市嘉定区江桥镇华江公路129弄7号J980室,(021),未提供,NA,Shanghai,Shunqi
上海提美会展服务有限公司,N/A,上海 嘉定区马陆镇西首 - ,(021),未提供,NA,Shanghai,Shunqi
上海鼎汇高威展览服务有限公司,N/A,上海 嘉定区南翔镇节约街32号,(021),未提供,NA,Shanghai,Shunqi
上海申月会展服务有限公司,N/A,上海 嘉定区马陆镇大治东路27号,(021),未提供,NA,Shanghai,Shunqi
上海淘意投资管理有限公司,N/A,上海 上海市嘉定区南翔镇银翔路515号2073室,(021),未提供,NA,Shanghai,Shunqi
上海领略会展服务有限公司,N/A,上海 嘉定区马陆镇嘉戬公路688号B3－58,(021),未提供,NA,Shanghai,Shunqi
上海领略会展服务有限公司,N/A,上海 嘉定区马陆镇嘉戬公路688号B3－58,(021),未提供,NA,Shanghai,Shunqi
上海万桢投资管理有限公司,N/A,上海 嘉定区南翔镇嘉好路1690号8幢605室,(021),未提供,NA,Shanghai,Shunqi
上海世雅展览服务有限公司,N/A,上海 嘉定区南翔镇蕰北公路1755弄39号314室,(021),未提供,NA,Shanghai,Shunqi
上海聚贤投资管理有限公司,N/A,上海 嘉定区马陆镇沪宜公路2585号,(021),未提供,NA,Shanghai,Shunqi
上海聚贤投资管理有限公司,N/A,上海 嘉定区马陆镇沪宜公路2585号,(021),未提供,NA,Shanghai,Shunqi
上海泛华商务展览信息有限公司信息分公司,N/A,上海 嘉定区徐行镇永新路852号,(021),未提供,NA,Shanghai,Shunqi
上海裕昌投资有限公司南翔分公司,N/A,上海 嘉定区南翔镇解放街221弄6号,(021),未提供,NA,Shanghai,Shunqi
上海佑乾投资管理有限公司,N/A,上海 嘉定区南翔镇蕰北公路1755弄19号169室,(021),未提供,NA,Shanghai,Shunqi
龙齐会展服务（上海）有限公司,N/A,上海 上海市嘉定工业区叶城路925号B区4幢J2039室,(021),未提供,NA,Shanghai,Shunqi
上海丰千投资管理有限公司,N/A,上海 嘉定区南翔镇昌翔路168号3幢115室,(021),未提供,NA,Shanghai,Shunqi
上海启迪星益投资管理中心,N/A,上海 上海市嘉定区南翔镇银翔路515号6层602室,(021),未提供,NA,Shanghai,Shunqi
上海同景投资管理有限公司,N/A,上海 嘉定区安亭镇众百路448号1幢3层302室,(021),未提供,NA,Shanghai,Shunqi
上海建誉投资管理有限公司,N/A,上海 嘉定区南翔镇浏翔路1132号1幢203室,(021),未提供,NA,Shanghai,Shunqi
上海爱怡会展服务有限公司,N/A,上海 嘉定区安亭镇墨玉路185号1985,(021),未提供,NA,Shanghai,Shunqi
上海凰火展览服务有限公司,N/A,上海 嘉定区安亭镇墨玉路185号1583,(021),未提供,NA,Shanghai,Shunqi
上海育印投资合伙企业,N/A,上海 上海市嘉定区菊园新区环城路2222号6幢101-J01室,(021),未提供,NA,Shanghai,Shunqi
上海瀚扬展览有限公司,N/A,上海 嘉定区马陆镇沪宜公路2585号－6055,(021),未提供,NA,Shanghai,Shunqi
上海澳伦会展服务有限公司,N/A,上海 嘉定区南翔镇杨子路18号,(021),未提供,NA,Shanghai,Shunqi
广州亚泰展览有限公司上海分公司,N/A,上海 嘉定区南翔镇德华路725号,(021),未提供,NA,Shanghai,Shunqi
上海臻迅投资管理有限公司,N/A,上海 嘉定区马陆镇沪宜公路2585号－5431,(021),未提供,NA,Shanghai,Shunqi
上海炜创展览展示服务有限公司,N/A,上海 嘉定区南翔镇嘉前路928号1幢E区1186室,(021),未提供,NA,Shanghai,Shunqi
上海隽捷投资有限公司,N/A,上海 嘉定区安亭镇新源路58号701室,(021),未提供,NA,Shanghai,Shunqi
青岛博展展览有限公司上海分公司,N/A,上海 嘉定区马陆镇宝安公路2968号5幢1087室,(021),未提供,NA,Shanghai,Shunqi
昌颐艺术展览（上海）有限公司,N/A,上海 上海市嘉定区菊园新区树屏路588弄52号2039室,(021),未提供,NA,Shanghai,Shunqi
上海优亦诚会展会务有限公司,N/A,上海 嘉定区马陆镇沪宜公路2585号－2038,(021),未提供,NA,Shanghai,Shunqi
上海双河展览展示服务有限公司,N/A,上海 嘉定区南翔镇昌翔路178号2幢207室,未提供,13817435998,NA,Shanghai,Shunqi
上海南都展览服务有限公司,N/A,上海 嘉定区江桥镇华江路171号－30,未提供,15921398008,NA,Shanghai,Shunqi
上海营造会展服务有限公司,N/A,上海 上海市嘉定区菊园新区昌徐路88号2幢1065室,未提供,13611792102,NA,Shanghai,Shunqi
上海艺谊展览展示服务有限公司,N/A,上海 嘉定区南翔镇蕰北公路1755弄15号2188室,未提供,13636636903,NA,Shanghai,Shunqi
上海耐博展览设计有限公司,N/A,上海 嘉定区南翔镇蕰北公路1755弄15号3111室,未提供,13472561388,NA,Shanghai,Shunqi
上海施表展览展示服务有限公司,N/A,上海 嘉定区黄渡镇星塔路258号104室,未提供,13564230718,NA,Shanghai,Shunqi
上海走客股权投资管理合伙企业,N/A,上海 上海市嘉定区南翔镇科福路358_368号4幢1层B区1190室,02161002259,未提供,NA,Shanghai,Shunqi
好极（上海）投资管理有限公司,N/A,上海 上海市嘉定区外冈镇西冈身路168号5幢4030室,未提供,13817538144,NA,Shanghai,Shunqi
北京市中瑞天展览展示服务有限公司上海分公司,N/A,上海 上海市嘉定区安亭镇杭桂路1112号8层J72室,未提供,15821247510,NA,Shanghai,Shunqi
上海廪岳股权投资合伙企业,N/A,上海 上海市嘉定区安亭镇曹安公路5128号1幢1层1170室,021-53017999,未提供,NA,Shanghai,Shunqi
上海磊磊展览展示工程有限公司,N/A,上海 嘉定区南翔镇嘉美路1988号5幢3043室,未提供,18917301679,NA,Shanghai,Shunqi
上海久和展览展示有限公司,N/A,上海 嘉定区黄渡镇方黄公路7735号D255室,未提供,18516590035,NA,Shanghai,Shunqi
上海嘉定建业投资开发有限公司,N/A,上海 上海市嘉定区嘉定镇仓场路3333号,021-59908031,未提供,NA,Shanghai,Shunqi
亢世（上海）股权投资基金管理有限公司,N/A,上海 上海市嘉定区嘉定工业区福海路130号103室,未提供,13818800066,NA,Shanghai,Shunqi
上海企通展览服务有限公司,N/A,上海 上海市嘉定工业区叶城路925号B区4幢J1116室,未提供,15000033892,NA,Shanghai,Shunqi
上海华鸿展示展览服务有限公司,N/A,上海 上海市嘉定区南翔镇德力西路88号2幢A区1137室,021-39556779,未提供,NA,Shanghai,Shunqi
上海抱拙展览服务有限公司,N/A,上海 上海市嘉定区南翔镇蕰北公路1755弄22号3层A3164室,未提供,13818941302,NA,Shanghai,Shunqi
上海鑫高展览服务有限公司,N/A,上海 嘉定区黄渡镇方黄公路7735号H139室,未提供,13801764879,NA,Shanghai,Shunqi
上海钦创展览服务有限公司,N/A,上海 嘉定区安亭镇黄渡邓家角15号2幢3113室,02159798328,未提供,NA,Shanghai,Shunqi
佩丰投资管理（上海）有限公司,N/A,上海 上海市嘉定工业区叶城路1630号5幢3321室,未提供,18116210201,NA,Shanghai,Shunqi
上海商茨展览服务中心,N/A,上海 上海市嘉定区菊园新区永靖路1188号2幢1268室,未提供,15001881533,NA,Shanghai,Shunqi
上海益嘉展览工程有限公司,N/A,上海 嘉定区江桥镇桃浦路2088号第5幢,未提供,13901742987,NA,Shanghai,Shunqi
上海度超会务会展服务中心,N/A,上海 嘉定区马陆镇双丁路505号2幢109室,021-52378075,未提供,NA,Shanghai,Shunqi
上海众兴展览展示有限公司,N/A,上海 嘉定区嘉定工业区回城南路1128号B-2号212室,未提供,13901938163,NA,Shanghai,Shunqi
上海汇晓会务会展有限公司,N/A,上海 上海市嘉定区菊园新区环城路2222号1幢J699室,021-58941509,未提供,NA,Shanghai,Shunqi
煊赫股权投资（上海）合伙企业,N/A,上海 上海市嘉定工业区叶城路912号2幢二层202室,未提供,18017103888,NA,Shanghai,Shunqi
上海同富展览展示有限公司,N/A,上海 上海市嘉定工业区叶城路912号J1158室,未提供,13641904268,NA,Shanghai,Shunqi
上海凯吾投资有限公司,N/A,上海 上海市嘉定区南翔镇德力西路88号1幢A区006室,未提供,18939723053,NA,Shanghai,Shunqi
上海诚联投资管理中心,N/A,上海 上海市嘉定区安亭镇墨玉南路1000号2号楼138室,021-59578811,未提供,NA,Shanghai,Shunqi
上海新原信股权投资基金合伙企业,N/A,上海 上海市嘉定区嘉定镇博乐路70号10幢2093室,021-58683000,未提供,NA,Shanghai,Shunqi
上海银厚股权投资基金管理合伙企业,N/A,上海 上海市嘉定工业区叶城路1630号7幢1336室,021-58202791,未提供,NA,Shanghai,Shunqi
上海菁葵投资管理有限公司,N/A,上海 上海市嘉定区安亭镇杭桂路1112号1303室,未提供,13501862918,NA,Shanghai,Shunqi
上海黑陨展览有限公司,N/A,上海 嘉定区南翔镇蕰北公路1755弄9号4231室,未提供,18817649518,NA,Shanghai,Shunqi
上海贞雍投资管理中心,N/A,上海 上海市嘉定区安亭镇曹安公路5666号3103室,未提供,13801994960,NA,Shanghai,Shunqi
上海骏耀展览服务有限公司,N/A,上海 上海市嘉定区安亭镇墨玉路185号1层J351室,021-62777287,未提供,NA,Shanghai,Shunqi
上海远志信行投资中心,N/A,上海 嘉定区南翔镇真南路4929号308室,010-59810776,未提供,NA,Shanghai,Shunqi
上海闵博展览展示有限公司,N/A,上海 嘉定区安亭镇黄渡邓家角15号2幢4040室,021-66358385,未提供,NA,Shanghai,Shunqi
上海硕库股权投资基金合伙企业,N/A,上海 上海市嘉定工业区叶城路912号2幢二层201室,021-59984300,未提供,NA,Shanghai,Shunqi
豪庭会展服务（上海）有限公司,N/A,上海 上海市嘉定工业区叶城路925号A区V721,未提供,15221091118,NA,Shanghai,Shunqi
烁芯会议展览（上海）有限公司,N/A,上海 嘉定区南翔镇嘉前路928号1幢E区1158室,未提供,13918286620,NA,Shanghai,Shunqi
上海睿美展览展示有限公司,N/A,上海 嘉定区安亭镇翔江公路2318号2幢1层A区,021-39596486,未提供,NA,Shanghai,Shunqi
欧燕会务展览服务（上海）有限公司,N/A,上海 上海市嘉定区安亭镇园区路1218号2幢1057室,未提供,13818971381,NA,Shanghai,Shunqi
上海君须展览服务有限公司,N/A,上海 上海市嘉定区安亭镇杭桂路1112号8层J397室,021-52264844,未提供,NA,Shanghai,Shunqi
慕迪股权投资基金管理（上海）有限公司,N/A,上海 上海市嘉定区南翔镇德力西路88号1幢A区349室,021-61107299,未提供,NA,Shanghai,Shunqi
上海初久会展服务有限公司,N/A,上海 上海市嘉定区菊园新区树屏路588弄52号3043室,未提供,13661994905,NA,Shanghai,Shunqi
上海峰爵商业投资管理有限公司,N/A,上海 上海市嘉定工业区叶城路912号J632室,未提供,15601716262,NA,Shanghai,Shunqi
上海坤泰展览服务有限公司,N/A,上海 上海市嘉定区安亭镇安驰路569号405室,未提供,13908461590,NA,Shanghai,Shunqi
上海太博会展有限公司,N/A,上海 嘉定区华亭镇浏翔公路6899号3号楼330室,021-51860364,未提供,NA,Shanghai,Shunqi
上海兴嘉投资管理有限公司,N/A,上海 上海市嘉定区塔新路999号1幢305室-2,未提供,13701878611,NA,Shanghai,Shunqi
上海斌红展览展示服务有限公司,N/A,上海 上海市嘉定区江桥镇华江公路129弄7号J449室,(021),未提供,NA,Shanghai,Shunqi
上海闵怀展览展示服务有限公司,N/A,上海 嘉定区安亭镇墨玉路185号2102,(021),未提供,NA,Shanghai,Shunqi
海南吉晟源实业投资有限公司上海分公司,N/A,上海 嘉定区南翔镇蓝天路 - ,(021),未提供,NA,Shanghai,Shunqi
上海群音投资管理有限公司,N/A,上海 嘉定区南翔镇蕰北公路1755弄9号2030室,(021),未提供,NA,Shanghai,Shunqi
上海孜胜医院投资管理有限公司,N/A,上海 上海市嘉定区华亭镇浏翔公路6899号7号楼299室,(021),未提供,NA,Shanghai,Shunqi
上海厚翔投资合伙企业,N/A,上海 嘉定区南翔镇嘉好路1690号8幢118室,(021),未提供,NA,Shanghai,Shunqi
上海汉皖会展用品有限公司,N/A,上海 嘉定区黄渡镇博园路4800号A-5048室,(021),未提供,NA,Shanghai,Shunqi
上海楚悠投资管理有限公司,N/A,上海 嘉定区嘉定镇城中路138号S3-28～30,(021),未提供,NA,Shanghai,Shunqi
上海联鑫投资管理有限公司,N/A,上海 嘉定区安亭镇嘉松北路3998号4幢2层A260,(021),未提供,NA,Shanghai,Shunqi
上海杰之华展览服务有限公司,N/A,上海 嘉定区马陆镇沪宜公路2585号－2053,(021),未提供,NA,Shanghai,Shunqi
上海星忠投资管理有限公司,N/A,上海 嘉定区安亭镇宝安路4435号－355号,(021),未提供,NA,Shanghai,Shunqi
上海圣誉投资管理有限公司,N/A,上海 上海市嘉定区菊园新区昌徐路88号1幢2015室,(021),未提供,NA,Shanghai,Shunqi
上海元拓展览工程有限公司,N/A,上海 嘉定区马陆镇沪宜公路2585号－0166,(021),未提供,NA,Shanghai,Shunqi
上海拓日投资管理有限公司,N/A,上海 嘉定区南翔镇嘉美路1988号6幢3142室,(021),未提供,NA,Shanghai,Shunqi
上海成丰投资有限公司,N/A,上海 上海市嘉定区嘉定镇人民街60号,(021),未提供,NA,Shanghai,Shunqi
上海成丰投资有限公司,N/A,上海 上海市嘉定区嘉定镇人民街60号,(021),未提供,NA,Shanghai,Shunqi
上海恩伟展览工程有限公司,N/A,上海 嘉定区江桥镇星火村丁东643号第4幢第一车间,(021),未提供,NA,Shanghai,Shunqi
昆山御天投资管理有限公司上海分公司,N/A,上海 嘉定区安亭镇和静路1557号1层102室,(021),未提供,NA,Shanghai,Shunqi
上海尖子投资管理有限公司,N/A,上海 嘉定区华亭镇浏翔公路6855号8号楼167室,(021),未提供,NA,Shanghai,Shunqi
孚睿会展服务（上海）有限公司,N/A,上海 嘉定区南翔镇惠裕路555号1幢270室,(021),未提供,NA,Shanghai,Shunqi
上海越信高合投资有限公司,N/A,上海 嘉定区南翔镇蕰北公路1755弄40号610室,(021),未提供,NA,Shanghai,Shunqi
上海伟纳展览策划有限公司,N/A,上海 嘉定区江桥镇华江路20号A座－33室,(021),未提供,NA,Shanghai,Shunqi
上海敬中投资管理有限公司,N/A,上海 嘉定区马陆镇沪宜公路2585号－4786,(021),未提供,NA,Shanghai,Shunqi
上海荣久投资管理有限公司,N/A,上海 上海市嘉定工业区叶城路1630号3幢1110室,(021),未提供,NA,Shanghai,Shunqi
上海御腾投资管理有限公司,N/A,上海 嘉定区南翔镇银裕路133号2幢231室,(021),未提供,NA,Shanghai,Shunqi
上海隆誉投资管理有限公司,N/A,上海 嘉定区南翔镇胜辛南路305号8幢210室,(021),未提供,NA,Shanghai,Shunqi
上海启威展览服务有限公司,N/A,上海 嘉定区南翔镇科盛路515号3幢4032室,(021),未提供,NA,Shanghai,Shunqi
上海时博展览工程有限公司,N/A,上海 嘉定区南翔镇嘉美路1988号6幢3168室,(021),未提供,NA,Shanghai,Shunqi
上海盛家投资管理中心,N/A,上海 嘉定区南翔镇静唐路277号2幢277室,(021),未提供,NA,Shanghai,Shunqi
上海盛河投资管理中心,N/A,上海 嘉定区南翔镇静唐路277号2幢278室,(021),未提供,NA,Shanghai,Shunqi
上海史蕊投资管理有限公司,N/A,上海 嘉定区马陆镇嘉戬公路688号C3－6,(021),未提供,NA,Shanghai,Shunqi
贝粒甜投资管理（上海）有限公司,N/A,上海 上海市嘉定区菊园新区树屏路588弄52号3006室,(021),未提供,NA,Shanghai,Shunqi
上海贯林投资管理有限公司,N/A,上海 嘉定区马陆镇沪宜公路2585号－2151,(021),未提供,NA,Shanghai,Shunqi
上海为荣投资服务部,N/A,上海 上海市嘉定区嘉定镇西大街172弄10号4幢301室,(021),未提供,NA,Shanghai,Shunqi
上海绿盟投资管理有限公司,N/A,上海 嘉定区江桥镇封杨路1818号第2号楼101室,(021),未提供,NA,Shanghai,Shunqi
上海志国投资管理中心,N/A,上海 上海市嘉定区安亭镇墨玉南路1000号2号楼140室,(021),未提供,NA,Shanghai,Shunqi
上海华舍会展服务有限公司,N/A,上海 嘉定区黄渡镇谢春路249号5幢,(021),未提供,NA,Shanghai,Shunqi
上海帝华展览展示服务有限公司,N/A,上海 嘉定区马陆镇沪宜公路2585号－2299,(021),未提供,NA,Shanghai,Shunqi
上海资立投资有限公司,N/A,上海 嘉定区华亭镇浏翔公路6899号1号楼318室,(021),未提供,NA,Shanghai,Shunqi
上海立亚会展服务有限公司,N/A,上海 嘉定区马陆镇沪宜公路2585号－2421,(021),未提供,NA,Shanghai,Shunqi
上海金洋展览服务有限公司第一分公司,N/A,上海 嘉定区马陆镇印村村钱顾生产队,(021),未提供,NA,Shanghai,Shunqi
上海金洋展览服务有限公司第一分公司,N/A,上海 嘉定区马陆镇印村村钱顾生产队,(021),未提供,NA,Shanghai,Shunqi
上海权策金沓投资管理有限公司,N/A,上海 嘉定区南翔镇嘉好路1690号4幢337室,(021),未提供,NA,Shanghai,Shunqi
上海洪鸣展览服务有限公司,N/A,上海 嘉定区黄渡镇曹安路4887号2幢101室,(021),未提供,NA,Shanghai,Shunqi
上海皮克会展有限公司,N/A,上海 上海市嘉定区安亭镇墨玉南路888号2201 J443室,(021),未提供,NA,Shanghai,Shunqi
上海吉意投资管理有限公司,N/A,上海 嘉定区嘉定工业区人民街81号8号楼129室,(021),未提供,NA,Shanghai,Shunqi
上海丁芳创业投资中心,N/A,上海 上海市嘉定区江桥镇华江路129弄7号楼3层3139室,(021),未提供,NA,Shanghai,Shunqi
上海翠屏湖投资管理有限公司,N/A,上海 嘉定区马陆镇嘉戬公路688号B4－35,(021),未提供,NA,Shanghai,Shunqi
上海盈樽展览展示有限公司,N/A,上海 嘉定区黄渡镇方黄公路7735号I303室,(021),未提供,NA,Shanghai,Shunqi
上海迅申投资管理有限公司,N/A,上海 嘉定区马陆镇沪宜公路2585号－6556,(021),未提供,NA,Shanghai,Shunqi
上海铭业投资管理有限公司,N/A,上海 上海市嘉定区菊园新区平城路811号2109室,(021),未提供,NA,Shanghai,Shunqi
上海桥脉投资管理有限公司,N/A,上海 嘉定区安亭镇园区路1218号2幢4097室,(021),未提供,NA,Shanghai,Shunqi
上海骏承投资管理有限公司,N/A,上海 嘉定区南翔镇蕰北公路1755弄20号375室,(021),未提供,NA,Shanghai,Shunqi
上海梵陆投资管理有限公司,N/A,上海 嘉定区马陆镇沪宜公路2585号－4535,(021),未提供,NA,Shanghai,Shunqi
上海合道企业投资管理有限公司,N/A,上海 嘉定区南翔镇蕰北公路1755弄20号3251室,(021),未提供,NA,Shanghai,Shunqi
上海御舍投资管理有限公司,N/A,上海 嘉定区江桥镇沙河路337号1-203室-26,(021),未提供,NA,Shanghai,Shunqi
上海盟和投资管理有限公司,N/A,上海 嘉定区马陆镇沪宜公路2585号－4852,(021),未提供,NA,Shanghai,Shunqi
上海广惠会展服务有限公司,N/A,上海 嘉定区南翔镇蕰北公路1755弄20号343室,(021),未提供,NA,Shanghai,Shunqi
上海盈堂实业投资有限公司,N/A,上海 嘉定区安亭镇黄渡邓家角15号2幢3019室,(021),未提供,NA,Shanghai,Shunqi
上海华虞投资管理有限公司,N/A,上海 嘉定区马陆镇嘉戬公路688号C3－29,(021),未提供,NA,Shanghai,Shunqi
上海春黎展览服务有限公司,N/A,上海 嘉定区黄渡镇绿苑路197号E297室,(021),未提供,NA,Shanghai,Shunqi
上海天璇创业投资中心,N/A,上海 嘉定区江桥镇江翔路365号3幢1006室,(021),未提供,NA,Shanghai,Shunqi
上海羽顺创业投资中心,N/A,上海 嘉定区江桥镇江翔路365号3幢1010室,(021),未提供,NA,Shanghai,Shunqi
上海运通星鼎登投资合伙企业,N/A,上海 嘉定区南翔镇蕰北公路1755弄29号409室,(021),未提供,NA,Shanghai,Shunqi
上海一铭投资管理有限公司,N/A,上海 嘉定区南翔镇蕰北公路1755弄25号4101室,(021),未提供,NA,Shanghai,Shunqi
上海精丰投资管理有限公司,N/A,上海 嘉定区嘉定镇清河路160号,(021),未提供,NA,Shanghai,Shunqi
北京动力展览展示有限公司上海分公司,N/A,上海 上海市嘉定工业区叶城路1630号5幢3212室,(021),未提供,NA,Shanghai,Shunqi
铜陵市恒丰投资有限责任公司上海分公司,N/A,上海 嘉定区马陆镇北管村思星路8号15幢629室,(021),未提供,NA,Shanghai,Shunqi
上海桂优创业投资中心,N/A,上海 上海市嘉定区江桥镇华江路129弄7号楼4层4091室,(021),未提供,NA,Shanghai,Shunqi
上海岑琪投资管理有限公司,N/A,上海 嘉定区南翔镇纬五路18号4幢108室,(021),未提供,NA,Shanghai,Shunqi
上海丹玛威展览服务有限公司,N/A,上海 嘉定区安亭镇墨玉路185号2226,(021),未提供,NA,Shanghai,Shunqi
上海海麦创业投资中心,N/A,上海 上海市嘉定区江桥镇华江路129弄6号楼4258室,(021),未提供,NA,Shanghai,Shunqi
上海润帛投资管理中心,N/A,上海 上海市嘉定工业区叶城路912号J1862室,(021),未提供,NA,Shanghai,Shunqi
上海象术投资有限公司,N/A,上海 上海市嘉定区菊园新区树屏路588弄51号6029室,(021),未提供,NA,Shanghai,Shunqi
上海中海展览策划制作有限公司,N/A,上海 嘉定区黄渡镇方黄公路7735号,(021),未提供,NA,Shanghai,Shunqi
上海中海展览策划制作有限公司,N/A,上海 嘉定区黄渡镇方黄公路7735号,(021),未提供,NA,Shanghai,Shunqi
上海尚欧会展服务有限公司,N/A,上海 上海市嘉定区安亭镇墨玉路185号1层J1068室,(021),未提供,NA,Shanghai,Shunqi
上海松寰展览展示服务有限公司,N/A,上海 上海市嘉定区安亭镇墨玉路185号1层J917室,(021),未提供,NA,Shanghai,Shunqi
上海天钥投资中心,N/A,上海 上海市嘉定区南翔镇惠申路420号3幢1203室,(021),未提供,NA,Shanghai,Shunqi
上海威翔投资管理有限公司,N/A,上海 嘉定区马陆镇双单路36弄10号201室,(021),未提供,NA,Shanghai,Shunqi
上海威翔投资管理有限公司,N/A,上海 嘉定区马陆镇双单路36弄10号201室,(021),未提供,NA,Shanghai,Shunqi
上海普元投资管理有限公司,N/A,上海 嘉定区马陆镇沪宜公路2585号－6671,(021),未提供,NA,Shanghai,Shunqi
上海普元投资管理有限公司,N/A,上海 嘉定区马陆镇沪宜公路2585号－6671,(021),未提供,NA,Shanghai,Shunqi
上海勤犁展览展示工程有限公司,N/A,上海 嘉�